Женские туфли Мэри-джейн (с ремешком на подъеме) OFFICINE CREATIVE,Обувь,Обувь,Ботинки
Женские туфли Мэри-джейн (с ремешком на подъеме) OFFICINE CREATIVE,Обувь,Обувь,Ботинки
Кондиционер для белья Vernel Supreme Romance 1200 мл,Бытовая химия,Бытовая химия,"Кондиционер, ополаскиватель"
Женские туфли Мэри-джейн (с ремешком на подъеме) OFFICINE CREATIVE,Обувь,Обувь,Ботинки
Женские туфли Мэри-джейн (с ремешком на подъеме) OFFICINE CREATIVE,Обувь,Обувь,Ботинки
Женские туфли Мэри-джейн (с ремешком на подъеме) OFFICINE CREATIVE,Обувь,Обувь,Ботинки
Женские туфли Мэри-джейн (с ремешком на подъеме) OFFICINE CREATIVE,Обувь,Обувь,Ботинки
Женские туфли Мэри-джейн (с ремешком на подъеме) OFFICINE CREATIVE,Обувь,Обувь,Ботинки
Кроссовки 1,Обувь,Обувь,Кроссовки
Кроссовки 1,Обувь,Обувь,Кроссовки
Женские туфли Мэри-джейн (с ремешком на подъеме) OFFICINE CREATIVE,Обувь,Обувь,Ботинки
Ботинки Nike Lunar,Обувь,Обувь,Ботинки
Спортивная сумка Canvas Crossbody,Галантерея и украшения,Галантерея и украшения,Сумка на плечо
Женские туфли Мэри-джейн (с ремешком на подъеме) OFFICINE CREATIVE,Обувь,Обувь,Ботинки
Женские туфли Мэри-джейн (с ремешком на подъеме) OFFICINE CREATIVE,Обувь,Обувь,Ботинки
Бусины акриловые круглые с огранкой бежевые шампань для рукоделия и плетения сумок 10 мм 500 гр 1050 шт,Хобби и творчество,Хобби и творчество,"Стеклярус, бусины, стразы"
Расческа-выпрямитель Philips StyleCare Essential BHH880,Бытовая техника,Бытовая техника,Выпрямитель для волос
Proper Vit Lutein лютеин 20 мг Plus Zeaxanthin зеаксантин витамины 385мг 120 капсул,Спорт и отдых,Спорт и отдых,Витамины отдельные
Спортивная сумка Canvas Crossbody,Галантерея и украшения,Галантерея и украшения,Сумка на плечо
Термоусаживаемые муфты для водопогружных кабелей МВПТ 4/6 мм.кв (65510),Ремонт и строительство,Ремонт и строительство,Термоусадочная трубка
Универсальные очки с диоптриями. Rolph (Чёрные) +2.5,Аптека,Аптека,Очки для чтения
IWCМеханические часы для мужчин из,Галантерея и украшения,Галантерея и украшения,Наручные часы
Нашивка на липучке Король и шут/Размер 9*8см,Хобби и творчество,Хобби и творчество,Заплатка
Женские туфли Мэри-джейн (с ремешком на подъеме) OFFICINE CREATIVE,Обувь,Обувь,Ботинки
"Платье с глубоким V-образным разрезом из сетки с перьями,48,черный,Черный,XL",Одежда,Одежда,Платье
Женские туфли Мэри-джейн (с ремешком на подъеме) OFFICINE CREATIVE,Обувь,Обувь,Ботинки
"Коврик  Карпет Аризона 0,8*1,2 прямоугольный бежевый придверный комнатный прикроватный",Дом и сад,Дом и сад,Ковер
"Коврик  Карпет Регина 0,8*1,2 прямоугольный серый придверный комнатный прикроватный",Дом и сад,Дом и сад,Ковер
"Комплект носков мужские, 5 пар",Одежда,Одежда,Носки
"Коврик  Карпет Медео 0,8*1,2 овальный коричневый придверный комнатный прикроватный",Дом и сад,Дом и сад,Ковер
"Коврик  Карпет Амели 0,8*1,2 прямоугольный серый придверный комнатный прикроватный",Дом и сад,Дом и сад,Ковер
"Коврик  Карпет Колизей 0,8*1,2 прямоугольный серый придверный комнатный прикроватный",Дом и сад,Дом и сад,Ковер
"Коврик Карпет Медео 0,8*1,2 прямоугольный серый придверный комнатный прикроватный",Дом и сад,Дом и сад,Ковер
"Коврик  Карпет Альба 0,8*1,2 прямоугольный бежевый придверный комнатный прикроватный",Дом и сад,Дом и сад,Ковер
"Тумба усиленная c подушкой Астек 3 ящика корус дуб, фасад зеленый",Мебель,Мебель,Тумба
"Коврик  Карпет Медина 0,8*1,2 овальный бежевый придверный комнатный прикроватный",Дом и сад,Дом и сад,Ковер
"Коврик  Карпет Лесото 0,8*1,2 прямоугольный коричневый придверный комнатный прикроватный",Дом и сад,Дом и сад,Ковер
Медицинский костюм женский/ Медицинская одежда для женщин/ Костюм массажиста/ Костюм для бьюти мастеров/ Униформа/ Спецодежда медицинская/ Костюм ГЛАМУР (блуза и брюки),Одежда,Одежда,Рабочая одежда
"Ондулин лист SMART 1950х950 1,852м2 (Серый)",Ремонт и строительство,Ремонт и строительство,Кровля
chantecaille крем для лица,Красота,Красота,Крем для ухода за кожей
Бюстгальтер (топ) для девочки 5-10 лет,Одежда,Одежда,Бюстгальтер
"Пластичная замша Mr.Painter 1 мм, 50х50 см, 5 шт, 13 светло-желтый (FOAM-2)",Хобби и творчество,Хобби и творчество,Материал для флористики
Ночной светильник детский Покемон Пикачу,Ремонт и строительство,Ремонт и строительство,Ночник
Плавки женские,Одежда,Одежда,Купальные плавки
Кабель 2 В 1 MicroUSB/LIGHTNING B4 1M  DREAM черный,Электроника,Электроника,Кабель
Плата инвертора DAIKIN PC0509-1 (C) model: CIMR-P0D45P5AF-E,Ремонт и строительство,Ремонт и строительство,Промышленный осушитель воздуха
Ботинки Nike Lunar,Обувь,Обувь,Ботинки
Защитный кухонный экран Kitchen Sheet 90x60 см,Дом и сад,Дом и сад,Фартук кухонный
Щетка+совок PROFF ЛЕНИВКА с длинной рукояткой РОЗОВАЯ ПЛАСТИКОВАЯ,Дом и сад,Дом и сад,"Щетка, Сметка"
"Плитка напольная виниловая Noventis  Avalon Дуб Арден 1588 (180x1200; 3,5 мм; 0,3 мм;микрофаска) (10 шт./2,16 м2)",Ремонт и строительство,Ремонт и строительство,Ламинат
"Набор фрез для маникюра 5 шт. шар красные 0,14",Красота,Красота,Насадка для аппаратного маникюра и педикюра
Выпрямитель Philips ThermoProtect BHS376/00,Бытовая техника,Бытовая техника,Выпрямитель для волос
Термобутылка спортивная 500мл Webber мультицвет BE-6037,Дом и сад,Дом и сад,Термокружка
джоггеры мужские,Одежда,Одежда,Брюки
"Электрический провод  ВВГ/ВВГнг / ВВГ нг -  2х1.5, двухжильный, 90м, сечение 1.5, черный",Ремонт и строительство,Ремонт и строительство,Силовой кабель
Колесо для макияжа,Красота,Красота,Зеркало косметическое
 Набор для творчества Genio Kids Умный песок 5 в 1,Хобби и творчество,Хобби и творчество,Лепка из песка
Бусины акриловые круглые с огранкой малиновые с золотистым отливом для рукоделия и плетения сумок 10 мм 500 гр 1050 шт,Хобби и творчество,Хобби и творчество,"Стеклярус, бусины, стразы"
"Зеркало Aris 60 белый глянец, шт.",Дом и сад,Дом и сад,Зеркало для ванной
Зимняя шапка с отверстиями для тепла,Одежда,Одежда,Шляпа
я люблю 3-ий Январь,Галантерея и украшения,Галантерея и украшения,Брелок
Модный женский пуловер с длинным рукавом,Одежда,Одежда,Свитер
Электрический дровокол HUTER HLS-5500Н,Дом и сад,Дом и сад,"Дровокол (бензиновый, электрический)"
Санки-ледянки Тишин Папа с ручкой,Спорт и отдых,Спорт и отдых,Ледянка
"Kiehl's Ultra Facial Cream - Увлажняющий крем для лица, 50 мл",Красота,Красота,Крем для ухода за кожей
Панель МДФ 3Д Винтаж,Ремонт и строительство,Ремонт и строительство,Стеновая панель
"Декоративный ящик для растений, керамическая ваза с рисунком, вазон ручной работы 25х25х22 см.",Дом и сад,Дом и сад,"Горшок, корзина, ящик для садовых цветов"
"Декоративный ящик для растений, керамическая ваза с рисунком, вазон ручной работы 25х25х22 см.",Дом и сад,Дом и сад,"Горшок, корзина, ящик для садовых цветов"
Домашняя обувь OFFICINE CREATIVE,Обувь,Обувь,Тапочки
Домашняя обувь OFFICINE CREATIVE,Обувь,Обувь,Тапочки
Домашняя обувь OFFICINE CREATIVE,Обувь,Обувь,Тапочки
Комплект подгузников Cam Pannolino Batuffi N.Born 1 от 2 до 5кг. (88 Шт.),Детские товары,Детские товары,Подгузники
Домашняя обувь OFFICINE CREATIVE,Обувь,Обувь,Тапочки
Домашняя обувь OFFICINE CREATIVE,Обувь,Обувь,Тапочки
Домашняя обувь OFFICINE CREATIVE,Обувь,Обувь,Тапочки
я люблю Триагрутрика,Галантерея и украшения,Галантерея и украшения,Брелок
я люблю ХЛЕБ,Галантерея и украшения,Галантерея и украшения,Брелок
я люблю Плага,Галантерея и украшения,Галантерея и украшения,Брелок
я люблю Хаски,Галантерея и украшения,Галантерея и украшения,Брелок
я люблю Типси Тип,Галантерея и украшения,Галантерея и украшения,Брелок
я люблю РЭЙДИ,Галантерея и украшения,Галантерея и украшения,Брелок
я люблю Честер Небро,Галантерея и украшения,Галантерея и украшения,Брелок
я люблю Скриптонит,Галантерея и украшения,Галантерея и украшения,Брелок
я люблю Фейджи,Галантерея и украшения,Галантерея и украшения,Брелок
я люблю Честный,Галантерея и украшения,Галантерея и украшения,Брелок
я люблю Та сторона,Галантерея и украшения,Галантерея и украшения,Брелок
я люблю Фикс,Галантерея и украшения,Галантерея и украшения,Брелок
я люблю Словетский,Галантерея и украшения,Галантерея и украшения,Брелок
я люблю Ямаджи,Галантерея и украшения,Галантерея и украшения,Брелок
я люблю Тайпан,Галантерея и украшения,Галантерея и украшения,Брелок
я люблю Грибы,Галантерея и украшения,Галантерея и украшения,Брелок
я люблю ДжиАш и Вито,Галантерея и украшения,Галантерея и украшения,Брелок
я люблю вышел покурить,Галантерея и украшения,Галантерея и украшения,Брелок
я люблю Джизус,Галантерея и украшения,Галантерея и украшения,Брелок
я люблю Маракеш,Галантерея и украшения,Галантерея и украшения,Брелок
я люблю Мальчишник,Галантерея и украшения,Галантерея и украшения,Брелок
" Кальсоны Панда детичерный, р.116",Одежда,Одежда,Брюки
Женские лоферы PAS DE ROUGE,Обувь,Обувь,Ботинки
"Start KSet-17 (К1105 6 шт.) - комплект универсальных картриджей (кассет) для кувшина Аквафор, Барьер, Домино",Дом и сад,Дом и сад,Сменный картридж для фильтра
Женские лоферы PAS DE ROUGE,Обувь,Обувь,Ботинки
" Кальсоны Crockid утепленныечернильный, р.52/98-104",Одежда,Одежда,Брюки
я люблю Гансэлло,Галантерея и украшения,Галантерея и украшения,Брелок
я люблю Ганвест,Галантерея и украшения,Галантерея и украшения,Брелок
я люблю Адвайта,Галантерея и украшения,Галантерея и украшения,Брелок
я люблю Платина,Галантерея и украшения,Галантерея и украшения,Брелок
я люблю Тимати,Галантерея и украшения,Галантерея и украшения,Брелок
я люблю ГРОТ,Галантерея и украшения,Галантерея и украшения,Брелок
я люблю Литвиненко,Галантерея и украшения,Галантерея и украшения,Брелок
я люблю Динар Рахматуллин,Галантерея и украшения,Галантерея и украшения,Брелок
я люблю ВесЪ,Галантерея и украшения,Галантерея и украшения,Брелок
я люблю СКАЧКОВ,Галантерея и украшения,Галантерея и украшения,Брелок
Женские лоферы PAS DE ROUGE,Обувь,Обувь,Ботинки
Женские лоферы PAS DE ROUGE,Обувь,Обувь,Ботинки
я люблю Коста Лакоста,Галантерея и украшения,Галантерея и украшения,Брелок
я люблю Красное Дерево,Галантерея и украшения,Галантерея и украшения,Брелок
Женские лоферы PAS DE ROUGE,Обувь,Обувь,Ботинки
я люблю Драгни,Галантерея и украшения,Галантерея и украшения,Брелок
я люблю Джоззи,Галантерея и украшения,Галантерея и украшения,Брелок
я люблю КУОК,Галантерея и украшения,Галантерея и украшения,Брелок
я люблю МАВАШИ group,Галантерея и украшения,Галантерея и украшения,Брелок
я люблю Леван Горозия,Галантерея и украшения,Галантерея и украшения,Брелок
я люблю Зараза,Галантерея и украшения,Галантерея и украшения,Брелок
"Батончики протеиновые Bite х ГРОМ: Трудное детство Ассорти 6 шт по 50г без сахара, без глютена, спортивное питание, протеин, пп",Спорт и отдых,Спорт и отдых,Протеиновый батончик
я люблю АДЛИН,Галантерея и украшения,Галантерея и украшения,Брелок
я люблю Многоточие,Галантерея и украшения,Галантерея и украшения,Брелок
я люблю Гарри Топор,Галантерея и украшения,Галантерея и украшения,Брелок
Набор  2 пуговицы-расширителя,Хобби и творчество,Хобби и творчество,"Застежки, пуговицы"
"Жилет Palloncino черный, р.104",Одежда,Одежда,Жакет
я люблю Гербер,Галантерея и украшения,Галантерея и украшения,Брелок
я люблю Интонация,Галантерея и украшения,Галантерея и украшения,Брелок
я люблю Брутто,Галантерея и украшения,Галантерея и украшения,Брелок
CPB солнцезащитный крем,Красота,Красота,Солнцезащитное средство
Модный женский пуловер с длинным рукавом,Одежда,Одежда,Свитер
я люблю Илья Соболев,Галантерея и украшения,Галантерея и украшения,Брелок
я люблю ГУДЗОН,Галантерея и украшения,Галантерея и украшения,Брелок
я люблю Каспийский Груз,Галантерея и украшения,Галантерея и украшения,Брелок
я люблю Шалих,Галантерея и украшения,Галантерея и украшения,Брелок
Женские лоферы PAS DE ROUGE,Обувь,Обувь,Ботинки
я люблю Компот,Галантерея и украшения,Галантерея и украшения,Брелок
я люблю Жаман,Галантерея и украшения,Галантерея и украшения,Брелок
свитер костюм,Одежда,Одежда,Пуловер
я люблю Нискуба,Галантерея и украшения,Галантерея и украшения,Брелок
я люблю Фенди,Галантерея и украшения,Галантерея и украшения,Брелок
я люблю Джаро & Ханза,Галантерея и украшения,Галантерея и украшения,Брелок
я люблю КАТАННЫЙ,Галантерея и украшения,Галантерея и украшения,Брелок
я люблю Январский блюз,Галантерея и украшения,Галантерея и украшения,Брелок
я люблю Белый,Галантерея и украшения,Галантерея и украшения,Брелок
я люблю Мафик,Галантерея и украшения,Галантерея и украшения,Брелок
" Жилет AmaroBaby Pure Love School вязаныйчерный, р.122",Одежда,Одежда,Жакет
я люблю твоичувства,Галантерея и украшения,Галантерея и украшения,Брелок
Женские лоферы PAS DE ROUGE,Обувь,Обувь,Ботинки
Женские лоферы PAS DE ROUGE,Обувь,Обувь,Ботинки
я люблю Грязь,Галантерея и украшения,Галантерея и украшения,Брелок
я люблю TRUEтень,Галантерея и украшения,Галантерея и украшения,Брелок
я люблю Витя АК,Галантерея и украшения,Галантерея и украшения,Брелок
я люблю Тати,Галантерея и украшения,Галантерея и украшения,Брелок
Шнур полиэфирный 3мм для рукоделия,Хобби и творчество,Хобби и творчество,"Шнур, шпагат для вязания"
я люблю Сява,Галантерея и украшения,Галантерея и украшения,Брелок
"Стул седло для мастера СЕДДО 140 ПП (средний), черный",Красота,Красота,Стул мастера для салона красоты
Женские лоферы PAS DE ROUGE,Обувь,Обувь,Ботинки
я люблю Смоки Мо,Галантерея и украшения,Галантерея и украшения,Брелок
"Набор фрез для маникюра 5 шт. конус заостренный красный 0,21",Красота,Красота,Насадка для аппаратного маникюра и педикюра
"Российский ковер комнатный на пол Carpet AKMA 1,20 x 1,80 м.",Дом и сад,Дом и сад,Ковер
я люблю Ассаи,Галантерея и украшения,Галантерея и украшения,Брелок
я люблю Сарги,Галантерея и украшения,Галантерея и украшения,Брелок
я люблю Восточный округ,Галантерея и украшения,Галантерея и украшения,Брелок
Женские лоферы PAS DE ROUGE,Обувь,Обувь,Ботинки
я люблю масло черного тмина,Галантерея и украшения,Галантерея и украшения,Брелок
Женские лоферы PAS DE ROUGE,Обувь,Обувь,Ботинки
я люблю Руставели,Галантерея и украшения,Галантерея и украшения,Брелок
я люблю Мэйти,Галантерея и украшения,Галантерея и украшения,Брелок
я люблю ЕвгенБро,Галантерея и украшения,Галантерея и украшения,Брелок
я люблю Канги,Галантерея и украшения,Галантерея и украшения,Брелок
"Зеркальная плитка ДСТ, панно на стену 51х255 см., цвет бронза, форма квадрат 12х12 см.",Дом и сад,Дом и сад,Зеркало интерьерное
" Жилет школьный BTC, трикотажныйсиний, р.122-56-51",Одежда,Одежда,Жакет
я люблю Воскресенский,Галантерея и украшения,Галантерея и украшения,Брелок
Женские лоферы PAS DE ROUGE,Обувь,Обувь,Ботинки
Коврик для компьютерной мыши Qcyber  PANDORA QC-04-007DV02,Электроника,Электроника,Коврик для мыши
Женские лоферы PAS DE ROUGE,Обувь,Обувь,Ботинки
я люблю Пабло,Галантерея и украшения,Галантерея и украшения,Брелок
я люблю найтивыход,Галантерея и украшения,Галантерея и украшения,Брелок
я люблю БАЗАР,Галантерея и украшения,Галантерея и украшения,Брелок
Женские лоферы PAS DE ROUGE,Обувь,Обувь,Ботинки
я люблю Научно-технический рэп,Галантерея и украшения,Галантерея и украшения,Брелок
Женские лоферы PAS DE ROUGE,Обувь,Обувь,Ботинки
я люблю Триада,Галантерея и украшения,Галантерея и украшения,Брелок
Крем для глаз антивозрастной Блокатор старения,Красота,Красота,Крем для ухода за кожей
я люблю Глеб Калюжный,Галантерея и украшения,Галантерея и украшения,Брелок
я люблю Лигалайз,Галантерея и украшения,Галантерея и украшения,Брелок
я люблю Оклок,Галантерея и украшения,Галантерея и украшения,Брелок
"Нейлоновый ремешок для смарт-часов, для Apple Watch 42-45mm. Эластичный спортивный браслет на липучке, для умных смарт часов series 1-8 и SE, SE 2022, Ultra. Черный",Электроника,Электроника,Ремешок для смарт-часов
Электрический дровокол HUTER HLS-5500Н,Дом и сад,Дом и сад,"Дровокол (бензиновый, электрический)"
я люблю Рапсат,Галантерея и украшения,Галантерея и украшения,Брелок
Газовая горелка компактная 3000 Вт. с чехлом,Спорт и отдых,Спорт и отдых,Горелки
Электролитический конденсатор 1500uF*16V JWCO 10шт.,Электроника,Электроника,Электронные компоненты
Женские лоферы PAS DE ROUGE,Обувь,Обувь,Ботинки
Женские лоферы PAS DE ROUGE,Обувь,Обувь,Ботинки
я люблю ЕГОР НАТС,Галантерея и украшения,Галантерея и украшения,Брелок
я люблю Влади,Галантерея и украшения,Галантерея и украшения,Брелок
я люблю Тони Раут,Галантерея и украшения,Галантерея и украшения,Брелок
я люблю КАПА,Галантерея и украшения,Галантерея и украшения,Брелок
я люблю Кот Балу,Галантерея и украшения,Галантерея и украшения,Брелок
Женские лоферы PAS DE ROUGE,Обувь,Обувь,Ботинки
Женские лоферы PAS DE ROUGE,Обувь,Обувь,Ботинки
Proper Vit Lutein лютеин 20 мг Plus Zeaxanthin зеаксантин витамины 385мг 120 капсул,Спорт и отдых,Спорт и отдых,Витамины отдельные
я люблю Истов,Галантерея и украшения,Галантерея и украшения,Брелок
я люблю Аманит,Галантерея и украшения,Галантерея и украшения,Брелок
Женские лоферы PAS DE ROUGE,Обувь,Обувь,Ботинки
я люблю Вектор А,Галантерея и украшения,Галантерея и украшения,Брелок
Женские лоферы PAS DE ROUGE,Обувь,Обувь,Ботинки
я люблю КлоуКома,Галантерея и украшения,Галантерея и украшения,Брелок
Женские лоферы PAS DE ROUGE,Обувь,Обувь,Ботинки
Женские лоферы PAS DE ROUGE,Обувь,Обувь,Ботинки
Женские лоферы PAS DE ROUGE,Обувь,Обувь,Ботинки
я люблю Адлер Коцба,Галантерея и украшения,Галантерея и украшения,Брелок
Женские лоферы PAS DE ROUGE,Обувь,Обувь,Ботинки
я люблю Яд Добра,Галантерея и украшения,Галантерея и украшения,Брелок
я люблю Дед Архимед,Галантерея и украшения,Галантерея и украшения,Брелок
Женские лоферы PAS DE ROUGE,Обувь,Обувь,Ботинки
Термокружка TRAVEL TUMBLER 350мл,Дом и сад,Дом и сад,Термокружка
Женские лоферы PAS DE ROUGE,Обувь,Обувь,Ботинки
"Стул седло для мастера СЕДДО 140 ПП (средний), бежевый",Красота,Красота,Стул мастера для салона красоты
CPB солнцезащитный крем,Красота,Красота,Солнцезащитное средство
я люблю Антиреспект,Галантерея и украшения,Галантерея и украшения,Брелок
Женские лоферы PAS DE ROUGE,Обувь,Обувь,Ботинки
Лыжи деревянные Таежные 175 см шир. 180 мм,Спорт и отдых,Спорт и отдых,Лыжи охотничьи
Женские лоферы PAS DE ROUGE,Обувь,Обувь,Ботинки
Женские лоферы PAS DE ROUGE,Обувь,Обувь,Ботинки
Женские лоферы PAS DE ROUGE,Обувь,Обувь,Ботинки
Женские лоферы PAS DE ROUGE,Обувь,Обувь,Ботинки
IWCМеханические часы для мужчин из,Галантерея и украшения,Галантерея и украшения,Наручные часы
Женские лоферы PAS DE ROUGE,Обувь,Обувь,Ботинки
Женские лоферы PAS DE ROUGE,Обувь,Обувь,Ботинки
Женские лоферы PAS DE ROUGE,Обувь,Обувь,Ботинки
я люблю Кишлак,Галантерея и украшения,Галантерея и украшения,Брелок
"Сумка женская, шоппер, кросс-боди, сумка мешок, сумка-тоут, стеганая, спортивная, сумка через плечо, вместительная, белая, повседневная, модная, стильная, хобо, для фитнеса, YA TREND ya.trend ятренд",Галантерея и украшения,Галантерея и украшения,Шоппер
"Набор фрез для маникюра 5 шт. конус усеченный синий 0,23",Красота,Красота,Насадка для аппаратного маникюра и педикюра
я люблю By Индия,Галантерея и украшения,Галантерея и украшения,Брелок
Женские лоферы PAS DE ROUGE,Обувь,Обувь,Ботинки
Женские лоферы PAS DE ROUGE,Обувь,Обувь,Ботинки
Женские лоферы PAS DE ROUGE,Обувь,Обувь,Ботинки
я люблю Зомб,Галантерея и украшения,Галантерея и украшения,Брелок
Женские лоферы PAS DE ROUGE,Обувь,Обувь,Ботинки
Женские лоферы PAS DE ROUGE,Обувь,Обувь,Ботинки
Женские лоферы PAS DE ROUGE,Обувь,Обувь,Ботинки
"Масляный радиатор ОМ-7НВ (1,9 кВт) Ресанта",Бытовая техника,Бытовая техника,Обогреватель
Женские лоферы PAS DE ROUGE,Обувь,Обувь,Ботинки
 Электромобиль Shanghai RXL Багги 603синий,Детские товары,Детские товары,Электромобиль
я люблю Джиган,Галантерея и украшения,Галантерея и украшения,Брелок
Женские лоферы PAS DE ROUGE,Обувь,Обувь,Ботинки
я люблю Денис RiDer,Галантерея и украшения,Галантерея и украшения,Брелок
Женские лоферы PAS DE ROUGE,Обувь,Обувь,Ботинки
Женские лоферы PAS DE ROUGE,Обувь,Обувь,Ботинки
Женские лоферы PAS DE ROUGE,Обувь,Обувь,Ботинки
 Электромобиль Shanghai RXL Багги 603красный,Детские товары,Детские товары,Электромобиль
Женские лоферы PAS DE ROUGE,Обувь,Обувь,Ботинки
Модный женский пуловер с длинным рукавом,Одежда,Одежда,Свитер
 Электромобиль Rollplay Powersport ATV 6V Black/red,Детские товары,Детские товары,Электромобиль
Женские лоферы PAS DE ROUGE,Обувь,Обувь,Ботинки
Подсумок общего назначения горизонтальный (FASTCLIP) Stich Profi,Спорт и отдых,Спорт и отдых,Подсумок
"Фурнитура для брелков, кольцо для брелка с цепочкой и соединительным кольцом, 15 шт",Хобби и творчество,Хобби и творчество,Заготовка для бижутерии
Женские лоферы PAS DE ROUGE,Обувь,Обувь,Ботинки
Женские лоферы PAS DE ROUGE,Обувь,Обувь,Ботинки
Матрас Flepers Smart Gunna 70*200,Мебель,Мебель,Матрас
Женские лоферы PAS DE ROUGE,Обувь,Обувь,Ботинки
"Start KSet-18 (К1105 10 шт.) - комплект картриджей (кассет) для кувшинов Аквафор, Барьер, Домино",Дом и сад,Дом и сад,Сменный картридж для фильтра
"Фреза алмазная для маникюра и педикюра, кутикулы 14 242 504 023 Супер тонкая-Тонкая (упаковка 6 шт)",Красота,Красота,Насадка для аппаратного маникюра и педикюра
"Фурнитура для брелков, кольцо для брелка с цепочкой и соединительным кольцом, 25 шт",Хобби и творчество,Хобби и творчество,Заготовка для бижутерии
Женские лоферы PAS DE ROUGE,Обувь,Обувь,Ботинки
Курок распылительный Пистолет высокого давления с муфтой,Ремонт и строительство,Ремонт и строительство,Минимойка
Женские лоферы PAS DE ROUGE,Обувь,Обувь,Ботинки
Женские лоферы PAS DE ROUGE,Обувь,Обувь,Ботинки
Наплечные сумки,Галантерея и украшения,Галантерея и украшения,Сумка на плечо
Женские лоферы PAS DE ROUGE,Обувь,Обувь,Ботинки
"Зеркало Aura 100 (1000*600*30), шт.",Дом и сад,Дом и сад,Зеркало для ванной
Женские лоферы PAS DE ROUGE,Обувь,Обувь,Ботинки
Женские лоферы PAS DE ROUGE,Обувь,Обувь,Ботинки
Раковина на столешницу 60 см Malinkin Design Mariana,Ремонт и строительство,Ремонт и строительство,Раковина
Женские лоферы PAS DE ROUGE,Обувь,Обувь,Ботинки
E-201 электрод Yline с разъемом BNC для pH метров,Ремонт и строительство,Ремонт и строительство,Измерительный инструмент
"Лента для забора Полипропиленовая, рулон 19см*26м, зеленая RAL6005",Дом и сад,Дом и сад,Заборы и ограждения
Клавиатура A4 Bloody B3370R  USB Multimedia for gamer LED,Электроника,Электроника,Клавиатура
Женские лоферы PAS DE ROUGE,Обувь,Обувь,Ботинки
Женские лоферы PAS DE ROUGE,Обувь,Обувь,Ботинки
"Микроскоп 3 в 1 (60X,120X)",Хобби и творчество,Хобби и творчество,"Микроскоп, телескоп детский"
Растворитель Р-4 НЕРС+ 20л.,Ремонт и строительство,Ремонт и строительство,Очистители и растворители
Женские лоферы PAS DE ROUGE,Обувь,Обувь,Ботинки
"Дeрeвянные пaзлы для детей кaртинки пoлoвинки ЖИВOТНЫЕ, развивающие игрушки от 1 года для девочек и мальчиков Радуга Кидс",Детские товары,Детские товары,Пазл для малышей
Женские лоферы PAS DE ROUGE,Обувь,Обувь,Ботинки
Женские лоферы PAS DE ROUGE,Обувь,Обувь,Ботинки
Женские лоферы PAS DE ROUGE,Обувь,Обувь,Ботинки
Бусины акриловые круглые с огранкой синие для рукоделия и плетения сумок 10 мм 500 гр 1050 шт,Хобби и творчество,Хобби и творчество,"Стеклярус, бусины, стразы"
"Стул седло для мастера СЕДДО 140 ПП (средний), белый",Красота,Красота,Стул мастера для салона красоты
Женская сумка через плечо с цепочкой,Галантерея и украшения,Галантерея и украшения,Сумка на плечо
Женские лоферы PAS DE ROUGE,Обувь,Обувь,Ботинки
Женские лоферы PAS DE ROUGE,Обувь,Обувь,Ботинки
Женские лоферы PAS DE ROUGE,Обувь,Обувь,Ботинки
Женские лоферы PAS DE ROUGE,Обувь,Обувь,Ботинки
Женские лоферы PAS DE ROUGE,Обувь,Обувь,Ботинки
Женские лоферы PAS DE ROUGE,Обувь,Обувь,Ботинки
Женские лоферы PAS DE ROUGE,Обувь,Обувь,Ботинки
Женские лоферы PAS DE ROUGE,Обувь,Обувь,Ботинки
Женская сумка через плечо с цепочкой,Галантерея и украшения,Галантерея и украшения,Сумка на плечо
Женская сумка через плечо с цепочкой,Галантерея и украшения,Галантерея и украшения,Сумка на плечо
Женские лоферы PAS DE ROUGE,Обувь,Обувь,Ботинки
Женские лоферы PAS DE ROUGE,Обувь,Обувь,Ботинки
Женские лоферы PAS DE ROUGE,Обувь,Обувь,Ботинки
Женские лоферы PAS DE ROUGE,Обувь,Обувь,Ботинки
Женские лоферы PAS DE ROUGE,Обувь,Обувь,Ботинки
Женские лоферы PAS DE ROUGE,Обувь,Обувь,Ботинки
Женские лоферы PAS DE ROUGE,Обувь,Обувь,Ботинки
Женские лоферы PAS DE ROUGE,Обувь,Обувь,Ботинки
Женские лоферы PAS DE ROUGE,Обувь,Обувь,Ботинки
Женские лоферы PAS DE ROUGE,Обувь,Обувь,Ботинки
Женские лоферы PAS DE ROUGE,Обувь,Обувь,Ботинки
Женские лоферы PAS DE ROUGE,Обувь,Обувь,Ботинки
Женские лоферы PAS DE ROUGE,Обувь,Обувь,Ботинки
Женские лоферы PAS DE ROUGE,Обувь,Обувь,Ботинки
Женские лоферы PAS DE ROUGE,Обувь,Обувь,Ботинки
Женские лоферы PAS DE ROUGE,Обувь,Обувь,Ботинки
Женские лоферы PAS DE ROUGE,Обувь,Обувь,Ботинки
Женские лоферы PAS DE ROUGE,Обувь,Обувь,Ботинки
Женские лоферы PAS DE ROUGE,Обувь,Обувь,Ботинки
Женские лоферы PAS DE ROUGE,Обувь,Обувь,Ботинки
Женские лоферы PAS DE ROUGE,Обувь,Обувь,Ботинки
Женские лоферы PAS DE ROUGE,Обувь,Обувь,Ботинки
Женские лоферы PAS DE ROUGE,Обувь,Обувь,Ботинки
Женские лоферы PAS DE ROUGE,Обувь,Обувь,Ботинки
Женские лоферы PAS DE ROUGE,Обувь,Обувь,Ботинки
Женские лоферы PAS DE ROUGE,Обувь,Обувь,Ботинки
Женские лоферы PAS DE ROUGE,Обувь,Обувь,Ботинки
Женские лоферы PAS DE ROUGE,Обувь,Обувь,Ботинки
Женские лоферы PAS DE ROUGE,Обувь,Обувь,Ботинки
Женские лоферы PAS DE ROUGE,Обувь,Обувь,Ботинки
Женские лоферы PAS DE ROUGE,Обувь,Обувь,Ботинки
Женские лоферы PAS DE ROUGE,Обувь,Обувь,Ботинки
Женские лоферы PAS DE ROUGE,Обувь,Обувь,Ботинки
Женские лоферы PAS DE ROUGE,Обувь,Обувь,Ботинки
Женские лоферы PAS DE ROUGE,Обувь,Обувь,Ботинки
Женские лоферы PAS DE ROUGE,Обувь,Обувь,Ботинки
Женские лоферы PAS DE ROUGE,Обувь,Обувь,Ботинки
Женские лоферы PAS DE ROUGE,Обувь,Обувь,Ботинки
Женские лоферы PAS DE ROUGE,Обувь,Обувь,Ботинки
Женские лоферы PAS DE ROUGE,Обувь,Обувь,Ботинки
Женские лоферы PAS DE ROUGE,Обувь,Обувь,Ботинки
"Электрический провод  ВВГ/ВВГнг / ВВГ нг -  2х1.5, двухжильный, 80м, сечение 1.5, черный",Ремонт и строительство,Ремонт и строительство,Силовой кабель
Женские лоферы PAS DE ROUGE,Обувь,Обувь,Ботинки
Женские лоферы PAS DE ROUGE,Обувь,Обувь,Ботинки
"Чехол на стул со спинкой Eames DSW из велюра, 40х46см, бежевый, ромб 09",Дом и сад,Дом и сад,Чехол на мебель
Женские лоферы PAS DE ROUGE,Обувь,Обувь,Ботинки
Женские лоферы PAS DE ROUGE,Обувь,Обувь,Ботинки
Женские лоферы PAS DE ROUGE,Обувь,Обувь,Ботинки
Женские лоферы PAS DE ROUGE,Обувь,Обувь,Ботинки
Женские лоферы PAS DE ROUGE,Обувь,Обувь,Ботинки
Женские лоферы PAS DE ROUGE,Обувь,Обувь,Ботинки
Женские лоферы PAS DE ROUGE,Обувь,Обувь,Ботинки
Женские лоферы PAS DE ROUGE,Обувь,Обувь,Ботинки
Женские лоферы PAS DE ROUGE,Обувь,Обувь,Ботинки
Женские лоферы PAS DE ROUGE,Обувь,Обувь,Ботинки
Женские лоферы PAS DE ROUGE,Обувь,Обувь,Ботинки
Женские лоферы PAS DE ROUGE,Обувь,Обувь,Ботинки
Женские лоферы PAS DE ROUGE,Обувь,Обувь,Ботинки
Женские лоферы PAS DE ROUGE,Обувь,Обувь,Ботинки
Женские лоферы PAS DE ROUGE,Обувь,Обувь,Ботинки
Женские лоферы PAS DE ROUGE,Обувь,Обувь,Ботинки
Женские лоферы PAS DE ROUGE,Обувь,Обувь,Ботинки
Модный женский пуловер с длинным рукавом,Одежда,Одежда,Свитер
Женские лоферы PAS DE ROUGE,Обувь,Обувь,Ботинки
Женские лоферы PAS DE ROUGE,Обувь,Обувь,Ботинки
"ТЫСЯЧА ОЗЕР Экологичный ополаскиватель для посудомоечной машины многофункциональный, 500 мл",Бытовая химия,Бытовая химия,Средство для посудомоечных машин
"Твердотельный накопитель (SSD) BaseTech 1Tb A400, 2.5"", SATA3 (SSDBTA4001TBN), Bulk",Электроника,Электроника,Внутренний SSD
"Компьютерное офисное кресло с подлокотниками для руководителя, черное",Мебель,Мебель,Компьютерное кресло
Светодиодная люстра 110-240 В MUFENGNосвещение,Ремонт и строительство,Ремонт и строительство,Подвесной светильник
Женские лоферы PAS DE ROUGE,Обувь,Обувь,Ботинки
Женские лоферы PAS DE ROUGE,Обувь,Обувь,Ботинки
Женские лоферы PAS DE ROUGE,Обувь,Обувь,Ботинки
Плавки женские,Одежда,Одежда,Купальные плавки
"Набор авторских открыток ""Девушки"", 10.5х15 см., 10 шт. на подарок и в коллекцию",Дом и сад,Дом и сад,Открытка авторская
Женские лоферы PAS DE ROUGE,Обувь,Обувь,Ботинки
"Ондулин лист SMART 1950х950 1,852м2 (Красный)",Ремонт и строительство,Ремонт и строительство,Кровля
"Кондиционер стабилизатор цвета для волос ADRICOCO EXPERT LINE, 5000 мл",Красота,Красота,Кондиционер для волос
Ортопедический матрас 180х186 для кровати Basis Cocos1 Ortofoam2 серый,Мебель,Мебель,Матрас
Бюстгальтер (топ) для девочки 5-10 лет,Одежда,Одежда,Бюстгальтер
"Батончики протеиновые Bite x ГРОМ: Трудное детство Ассорти 6 шт по 50г без сахара, без глютена",Спорт и отдых,Спорт и отдых,Протеиновый батончик
"Соединительный изолирующий зажим СИЗ-3 1,5-6,0 мм2 (10 шт.)",Ремонт и строительство,Ремонт и строительство,Клемма
"Стул седло СЕДДО ПП 260, высокий, черный",Красота,Красота,Стул мастера для салона красоты
Люстра Maytoni Dewdrop P225-PL-200-N,Ремонт и строительство,Ремонт и строительство,Подвесной светильник
Люстра Maytoni Spider T021-03-B,Ремонт и строительство,Ремонт и строительство,Подвесной светильник
Умная бритва Philips Series 5000 SkinIQ S5589/30,Бытовая техника,Бытовая техника,Электробритва
Светильник потолочный Maytoni Tet-a-tet MOD104PL-07B,Ремонт и строительство,Ремонт и строительство,Потолочный светильник
"Cветодиодная LED лента Feron LS607, 60SMD(5050)/м 14.4Вт/м  5м IP65 12V 6500К 27652",Ремонт и строительство,Ремонт и строительство,Светодиодная лента
"Novosvit Гель-филлер ""3D гиалуроновая кислота"" усилитель увлажнения 30 мл",Красота,Красота,Сыворотка для лица
Светильник потолочный Maytoni Broni T437-PL-01-GR,Ремонт и строительство,Ремонт и строительство,Подвесной светильник
Женские лоферы PAS DE ROUGE,Обувь,Обувь,Ботинки
Женские лоферы PAS DE ROUGE,Обувь,Обувь,Ботинки
Женские лоферы PAS DE ROUGE,Обувь,Обувь,Ботинки
Женские лоферы PAS DE ROUGE,Обувь,Обувь,Ботинки
Женские лоферы PAS DE ROUGE,Обувь,Обувь,Ботинки
Женские лоферы PAS DE ROUGE,Обувь,Обувь,Ботинки
Женские лоферы PAS DE ROUGE,Обувь,Обувь,Ботинки
Женские лоферы PAS DE ROUGE,Обувь,Обувь,Ботинки
Женские лоферы PAS DE ROUGE,Обувь,Обувь,Ботинки
Женские лоферы PAS DE ROUGE,Обувь,Обувь,Ботинки
Светильник потолочный Maytoni Tet-a-tet MOD104PL-09B,Ремонт и строительство,Ремонт и строительство,Потолочный светильник
"Tuya i8HGC WiFi Интеллектуальный регулятор температуры Термостат, автоматическая регулировка яркости подсветки, совместимость с Alexa Google Home Голосовое управление",Ремонт и строительство,Ремонт и строительство,Терморегулятор
Женские лоферы PAS DE ROUGE,Обувь,Обувь,Ботинки
" Рейтузы Crockidсерый, р.52/92",Одежда,Одежда,Термобелье штаны
"Стул седло СЕДДО ПП 260, высокий, бежевый",Красота,Красота,Стул мастера для салона красоты
" Рейтузы Crockidсерый, р.56/110",Одежда,Одежда,Термобелье штаны
Женские лоферы PAS DE ROUGE,Обувь,Обувь,Ботинки
Зимняя шапка с отверстиями для тепла,Одежда,Одежда,Шляпа
E-201 электрод Yline с разъемом BNC для pH метров,Ремонт и строительство,Ремонт и строительство,Измерительный инструмент
Женские лоферы PAS DE ROUGE,Обувь,Обувь,Ботинки
" Рейтузы Crockidсветло-серый меланж, р.52/92",Одежда,Одежда,Термобелье штаны
Женские лоферы PAS DE ROUGE,Обувь,Обувь,Ботинки
Женские лоферы PAS DE ROUGE,Обувь,Обувь,Ботинки
Женские лоферы PAS DE ROUGE,Обувь,Обувь,Ботинки
Женские лоферы PAS DE ROUGE,Обувь,Обувь,Ботинки
Женские лоферы PAS DE ROUGE,Обувь,Обувь,Ботинки
Женские лоферы PAS DE ROUGE,Обувь,Обувь,Ботинки
Maternea крем от растяжек 150 мл,Красота,Красота,Крем от растяжек
Женские лоферы PAS DE ROUGE,Обувь,Обувь,Ботинки
"Чехол на стул со спинкой Eames DSW из велюра, 40х46см, серый, ромб 09",Дом и сад,Дом и сад,Чехол на мебель
Женские лоферы PAS DE ROUGE,Обувь,Обувь,Ботинки
Женские лоферы PAS DE ROUGE,Обувь,Обувь,Ботинки
Женские лоферы PAS DE ROUGE,Обувь,Обувь,Ботинки
Женские туфли С открытой пяткой (слинг-бэк) PAS DE ROUGE,Обувь,Обувь,Босоножки
Женские лоферы PAS DE ROUGE,Обувь,Обувь,Ботинки
Женские лоферы PAS DE ROUGE,Обувь,Обувь,Ботинки
Женские лоферы PAS DE ROUGE,Обувь,Обувь,Ботинки
"IWCЧасы на запястье, хипстеры, механические часы",Галантерея и украшения,Галантерея и украшения,Наручные часы
Женские лоферы PAS DE ROUGE,Обувь,Обувь,Ботинки
Женские лоферы PAS DE ROUGE,Обувь,Обувь,Ботинки
Женские лоферы PAS DE ROUGE,Обувь,Обувь,Ботинки
Женские лоферы PAS DE ROUGE,Обувь,Обувь,Ботинки
Женские туфли С открытой пяткой (слинг-бэк) PAS DE ROUGE,Обувь,Обувь,Босоножки
Женские лоферы PAS DE ROUGE,Обувь,Обувь,Ботинки
Женские лоферы PAS DE ROUGE,Обувь,Обувь,Ботинки
Женские лоферы PAS DE ROUGE,Обувь,Обувь,Ботинки
Женские лоферы PAS DE ROUGE,Обувь,Обувь,Ботинки
"Рюкзак для спорта и отдыха Nike,черный",Галантерея и украшения,Галантерея и украшения,Рюкзак
"Лестница на второй этаж ЛС-91м из сосны, Правая, Profi&Hobby",Ремонт и строительство,Ремонт и строительство,Стационарная лестница
Женские туфли С открытой пяткой (слинг-бэк) PAS DE ROUGE,Обувь,Обувь,Босоножки
Женские туфли С открытой пяткой (слинг-бэк) PAS DE ROUGE,Обувь,Обувь,Босоножки
Женские лоферы PAS DE ROUGE,Обувь,Обувь,Ботинки
Женские лоферы PAS DE ROUGE,Обувь,Обувь,Ботинки
Женские лоферы PAS DE ROUGE,Обувь,Обувь,Ботинки
Женские лоферы PAS DE ROUGE,Обувь,Обувь,Ботинки
Женские лоферы PAS DE ROUGE,Обувь,Обувь,Ботинки
Женские туфли С открытой пяткой (слинг-бэк) PAS DE ROUGE,Обувь,Обувь,Босоножки
Женские лоферы PAS DE ROUGE,Обувь,Обувь,Ботинки
Женские лоферы PAS DE ROUGE,Обувь,Обувь,Ботинки
Женские лоферы PAS DE ROUGE,Обувь,Обувь,Ботинки
Фреза алмазная для маникюра и педикюра 14 242 514 023 Тонкая-Средняя (упаковка 3 шт),Красота,Красота,Насадка для аппаратного маникюра и педикюра
Женские лоферы PAS DE ROUGE,Обувь,Обувь,Ботинки
"Российский ковер комнатный на пол Carpet AKMA   0,80х1,50 м.",Дом и сад,Дом и сад,Ковер
Женские туфли С открытой пяткой (слинг-бэк) PAS DE ROUGE,Обувь,Обувь,Босоножки
Женские лоферы PAS DE ROUGE,Обувь,Обувь,Ботинки
Женские туфли С открытой пяткой (слинг-бэк) PAS DE ROUGE,Обувь,Обувь,Босоножки
" Рейтузы Acoola Kity ptсерый, р.104",Одежда,Одежда,Термобелье штаны
Женские лоферы PAS DE ROUGE,Обувь,Обувь,Ботинки
Женские лоферы PAS DE ROUGE,Обувь,Обувь,Ботинки
Женские лоферы PAS DE ROUGE,Обувь,Обувь,Ботинки
Вешалка настенная деревянная Adele,Мебель,Мебель,Вешалка в прихожую
Женские лоферы PAS DE ROUGE,Обувь,Обувь,Ботинки
Женские лоферы PAS DE ROUGE,Обувь,Обувь,Ботинки
" Рейтузы Crockidсерый/барби, р.52/92",Одежда,Одежда,Термобелье штаны
Женские лоферы PAS DE ROUGE,Обувь,Обувь,Ботинки
Женские лоферы PAS DE ROUGE,Обувь,Обувь,Ботинки
Женские туфли С открытой пяткой (слинг-бэк) PAS DE ROUGE,Обувь,Обувь,Босоножки
Женские туфли С открытой пяткой (слинг-бэк) PAS DE ROUGE,Обувь,Обувь,Босоножки
Светильник декоративный Ананас / 23 см,Ремонт и строительство,Ремонт и строительство,Настольный светильник
Женские лоферы PAS DE ROUGE,Обувь,Обувь,Ботинки
Женские лоферы PAS DE ROUGE,Обувь,Обувь,Ботинки
Женские лоферы PAS DE ROUGE,Обувь,Обувь,Ботинки
"Vernel Кондиционер для белья Ароматерапия ""Дивная Магнолия"" 1740 мл",Бытовая химия,Бытовая химия,"Кондиционер, ополаскиватель"
Простынь  на резинке для новорожденных в прямоугольную кроватку,Дом и сад,Дом и сад,Простыня
Женские лоферы PAS DE ROUGE,Обувь,Обувь,Ботинки
Картина интерьерная на холсте Поиски Фата- морганы 50х40 см,Дом и сад,Дом и сад,Картина авторская
"Плитка напольная виниловая Noventis Avalon Дуб Камелот 1581 (180x1200; 3,5 мм; 0,3 мм;микрофаска) (10 шт./2,16 м2)",Ремонт и строительство,Ремонт и строительство,Ламинат
Женские туфли С открытой пяткой (слинг-бэк) PAS DE ROUGE,Обувь,Обувь,Босоножки
"Комплект  для детей- Кофточки 2шт. 21-15005 Кокос, Интерлок, 80, Белый /Бежевый",Одежда,Одежда,Кофта
Женские лоферы PAS DE ROUGE,Обувь,Обувь,Ботинки
Подвесная люстра Hiper Aella H212-3,Ремонт и строительство,Ремонт и строительство,Потолочный светильник
Женские лоферы PAS DE ROUGE,Обувь,Обувь,Ботинки
Светильник потолочный Maytoni Tet-a-tet MOD104PL-05B,Ремонт и строительство,Ремонт и строительство,Потолочный светильник
Женские лоферы PAS DE ROUGE,Обувь,Обувь,Ботинки
Женские лоферы PAS DE ROUGE,Обувь,Обувь,Ботинки
Женские лоферы PAS DE ROUGE,Обувь,Обувь,Ботинки
Женские лоферы PAS DE ROUGE,Обувь,Обувь,Ботинки
"Эпоксидная смола EpoxyMac ART+, комплект смола+отвердитель 5 кг",Хобби и творчество,Хобби и творчество,Эпоксидная смола для творчества
Секатор садовый аккумуляторный,Дом и сад,Дом и сад,"Кусторез (бензиновый, электрический, аккум.)"
" Рейтузы Acoola Libertinсерый меланж, р.134",Одежда,Одежда,Термобелье штаны
Женские лоферы PAS DE ROUGE,Обувь,Обувь,Ботинки
Вертикальный пылесос Deerma DX115C,Бытовая техника,Бытовая техника,Бытовой пылесос
Женские лоферы PAS DE ROUGE,Обувь,Обувь,Ботинки
Женские лоферы PAS DE ROUGE,Обувь,Обувь,Ботинки
Женские лоферы PAS DE ROUGE,Обувь,Обувь,Ботинки
Женские лоферы PAS DE ROUGE,Обувь,Обувь,Ботинки
Женские лоферы PAS DE ROUGE,Обувь,Обувь,Ботинки
"Декоративный ящик для растений, керамическая ваза с рисунком, вазон ручной работы 15х15х13 см.",Дом и сад,Дом и сад,"Горшок, корзина, ящик для садовых цветов"
Женские лоферы PAS DE ROUGE,Обувь,Обувь,Ботинки
"Ночной увлажняющий крем Neutrogena Rapid Repair для лица с ретинолом, 29 мл",Красота,Красота,Крем для ухода за кожей
Женские лоферы PAS DE ROUGE,Обувь,Обувь,Ботинки
Женские лоферы PAS DE ROUGE,Обувь,Обувь,Ботинки
Микки Маус/Мужская и женская Свитшот,Одежда,Одежда,Толстовка
Женские лоферы PAS DE ROUGE,Обувь,Обувь,Ботинки
Женские туфли С открытой пяткой (слинг-бэк) PAS DE ROUGE,Обувь,Обувь,Босоножки
Защитный кухонный экран Kitchen Sheet 90x60 см,Дом и сад,Дом и сад,Фартук кухонный
Кружка-банка с крышкой и трубкой CL-7025C,Дом и сад,Дом и сад,Кружка
Джемпер  женский черно-белого цвета удлиненный силуэт CHANEL трикотажный р-р 48,Одежда,Одежда,Пуловер
Женские лоферы PAS DE ROUGE,Обувь,Обувь,Ботинки
Женские лоферы PAS DE ROUGE,Обувь,Обувь,Ботинки
CPB Увлажняющий жидкий тональный крем,Красота,Красота,Основа под макияж
"Игрушка Паровоз (Забавное путешествие), с магнитами",Детские товары,Детские товары,Железная дорога
Женские лоферы PAS DE ROUGE,Обувь,Обувь,Ботинки
Женские лоферы PAS DE ROUGE,Обувь,Обувь,Ботинки
Осенне-зимний Женский Тонкий Термотоп С V-образным Вырезом,Одежда,Одежда,Термобелье кофта
Женские лоферы PAS DE ROUGE,Обувь,Обувь,Ботинки
CPB Средство для умывания,Красота,Красота,Пенка для умывания
Люстра Maytoni Broni T440-PL-01-GR,Ремонт и строительство,Ремонт и строительство,Подвесной светильник
Женские лоферы PAS DE ROUGE,Обувь,Обувь,Ботинки
Женские туфли С открытой пяткой (слинг-бэк) PAS DE ROUGE,Обувь,Обувь,Босоножки
Осенне-зимний Женский Тонкий Термотоп С V-образным Вырезом,Одежда,Одежда,Термобелье кофта
Осенне-зимний Женский Тонкий Термотоп С V-образным Вырезом,Одежда,Одежда,Термобелье кофта
Женские лоферы PAS DE ROUGE,Обувь,Обувь,Ботинки
Женские лоферы PAS DE ROUGE,Обувь,Обувь,Ботинки
Женские лоферы PAS DE ROUGE,Обувь,Обувь,Ботинки
Осенне-зимний модный тренд Kanye music периферийный флисовый свитер с капюшоном с принтом,Одежда,Одежда,Толстовка
Женские лоферы PAS DE ROUGE,Обувь,Обувь,Ботинки
Женские лоферы PAS DE ROUGE,Обувь,Обувь,Ботинки
"Ласты подводной охоты и фридайвинга Salvimar SPEEDER, 39/40",Обувь,Обувь,Ласты
"Музыкальная карусель для кроватки,",Детские товары,Детские товары,"Мобиль, развивающая дуга"
"Зеркальная плитка ДСТ, панно на стену 173х180 см., цвет бронза, форма сота 20х17,3 см.",Дом и сад,Дом и сад,Зеркало интерьерное
"Novosvit Интенсивный увлажняющий крем для лица, 50 мл",Красота,Красота,Крем для ухода за кожей
"Зеркальная плитка ДСТ, панно на стену 86,5х150 см., цвет серебро матовое, форма сота 20х17,3 см",Дом и сад,Дом и сад,Зеркало интерьерное
"Зеркальная плитка ДСТ, панно на стену 51,9х240 см., цвет серебро матовое, форма сота 20х17,3 см",Дом и сад,Дом и сад,Зеркало интерьерное
Женские лоферы PAS DE ROUGE,Обувь,Обувь,Ботинки
"Зеркальная плитка ДСТ, панно на стену 207,6х240 см., цвет графит матовый, форма сота 20х17,3 см.",Дом и сад,Дом и сад,Зеркало интерьерное
Модный женский пуловер с длинным рукавом,Одежда,Одежда,Свитер
"Зеркальная плитка ДСТ, панно на стену 173х180 см., цвет графит, форма сота 20х17,3 см.",Дом и сад,Дом и сад,Зеркало интерьерное
Женские лоферы PAS DE ROUGE,Обувь,Обувь,Ботинки
"Зеркальная плитка ДСТ, панно на стену 86,5х150 см., цвет бронза матовая, форма сота 20х17,3 см",Дом и сад,Дом и сад,Зеркало интерьерное
"Зеркальная плитка ДСТ, панно на стену 207,6х240 см., цвет бронза, форма сота 20х17,3 см.",Дом и сад,Дом и сад,Зеркало интерьерное
"Зеркальная плитка ДСТ, панно на стену 207,6х240 см., цвет серебро матовое, форма сота 20х17,3 см.",Дом и сад,Дом и сад,Зеркало интерьерное
Сумка Piquadro Brief CA1592BR/N,Галантерея и украшения,Галантерея и украшения,Сумка
"Зеркальная плитка ДСТ, панно на стену 207,6х240 см., цвет графит, форма сота 20х17,3 см.",Дом и сад,Дом и сад,Зеркало интерьерное
"Зеркальная плитка ДСТ, панно на стену 51,9х240 см., цвет серебро, форма сота 20х17,3 см",Дом и сад,Дом и сад,Зеркало интерьерное
"Зеркальная плитка ДСТ, панно на стену 86,5х150 см., цвет графит матовый, форма сота 20х17,3 см",Дом и сад,Дом и сад,Зеркало интерьерное
"Зеркальная плитка ДСТ, панно на стену 173х180 см., цвет графит матовый, форма сота 20х17,3 см.",Дом и сад,Дом и сад,Зеркало интерьерное
"Зеркальная плитка ДСТ, панно на стену 86,5х150 см., цвет серебро, форма сота 20х17,3 см",Дом и сад,Дом и сад,Зеркало интерьерное
Женские лоферы PAS DE ROUGE,Обувь,Обувь,Ботинки
Женские лоферы PAS DE ROUGE,Обувь,Обувь,Ботинки
"Зеркальная плитка ДСТ, панно на стену 51,9х240 см., цвет графит матовый, форма сота 20х17,3 см",Дом и сад,Дом и сад,Зеркало интерьерное
"Зеркальная плитка ДСТ, панно на стену 207,6х240 см., цвет серебро, форма сота 20х17,3 см.",Дом и сад,Дом и сад,Зеркало интерьерное
"Зеркальная плитка ДСТ, панно на стену 207,6х240 см., цвет бронза матовая, форма сота 20х17,3 см.",Дом и сад,Дом и сад,Зеркало интерьерное
Набор для склеивания детский,Хобби и творчество,Хобби и творчество,Модели для сборки
"Зеркальная плитка ДСТ, панно на стену 86,5х150 см., цвет бронза, форма сота 20х17,3 см",Дом и сад,Дом и сад,Зеркало интерьерное
"Зеркальная плитка ДСТ, панно на стену 173х180 см., цвет серебро матовое, форма сота 20х17,3 см.",Дом и сад,Дом и сад,Зеркало интерьерное
"Набор льняных сервировочных салфеток ""Зимняя сказка"" 40х40 см 2 шт",Дом и сад,Дом и сад,Салфетка столовая
"Зеркальная плитка ДСТ, панно на стену 51,9х240 см., цвет графит, форма сота 20х17,3 см",Дом и сад,Дом и сад,Зеркало интерьерное
"Зеркальная плитка ДСТ, панно на стену 173х180 см., цвет серебро, форма сота 20х17,3 см.",Дом и сад,Дом и сад,Зеркало интерьерное
"Планшет для рисования LCD Writting Tablet 8,5"" SALE24",Электроника,Электроника,Графический планшет
Женские лоферы PAS DE ROUGE,Обувь,Обувь,Ботинки
Женские лоферы PAS DE ROUGE,Обувь,Обувь,Ботинки
 Игрушка музыкальная Zabiaka Супер Майк звук/свет SL-05329Bфиолетовый,Ремонт и строительство,Ремонт и строительство,Ночник
 Игрушка для сна Fisher Price Медитирующая мышка,Ремонт и строительство,Ремонт и строительство,Ночник
Женские лоферы PAS DE ROUGE,Обувь,Обувь,Ботинки
 Проектор Zabiaka Вертолет свет/звук SL-05261в ассорт.,Ремонт и строительство,Ремонт и строительство,Ночник
Люстра Maytoni Broni T438-PL-01-GR,Ремонт и строительство,Ремонт и строительство,Подвесной светильник
"Зеркальная плитка ДСТ, панно на стену 173х180 см., цвет бронза матовая, форма сота 20х17,3 см.",Дом и сад,Дом и сад,Зеркало интерьерное
"Кабель USB - Lightning, Быстрая зарядка, Кабель для айфона",Электроника,Электроника,Кабель
"Зеркальная плитка ДСТ, панно на стену 51,9х240 см., цвет бронза матовая, форма сота 20х17,3 см",Дом и сад,Дом и сад,Зеркало интерьерное
"Зеркальная плитка ДСТ, панно на стену 86,5х150 см., цвет графит, форма сота 20х17,3 см",Дом и сад,Дом и сад,Зеркало интерьерное
"Зеркальная плитка ДСТ, панно на стену 51,9х240 см., цвет бронза, форма сота 20х17,3 см",Дом и сад,Дом и сад,Зеркало интерьерное
"Аминокислота L-Аргинин Myprotein AAKG для волос, потенции, спорта, 250г порошок (Без вкуса) / пищевая добавка Arginine Alpha Ketoglutarate для мужчин и женщин",Спорт и отдых,Спорт и отдых,Аминокислотный комплекс
"Гель для стирки черного и темного белья Blux BLACK 4 л, 40 стирок, средство, жидкий стиральный порошок автомат",Бытовая химия,Бытовая химия,Жидкое средство для стирки
Женские лоферы PAS DE ROUGE,Обувь,Обувь,Ботинки
"Комплект  для детей- Кофточки 2шт. 21-15005 Кокос, Интерлок, 62, Белый /Бежевый",Одежда,Одежда,Кофта
Женские лоферы PAS DE ROUGE,Обувь,Обувь,Ботинки
Женские лоферы PAS DE ROUGE,Обувь,Обувь,Ботинки
Женские лоферы PAS DE ROUGE,Обувь,Обувь,Ботинки
Женские лоферы PAS DE ROUGE,Обувь,Обувь,Ботинки
Женские лоферы PAS DE ROUGE,Обувь,Обувь,Ботинки
Женские лоферы PAS DE ROUGE,Обувь,Обувь,Ботинки
Женские лоферы PAS DE ROUGE,Обувь,Обувь,Ботинки
Женские лоферы PAS DE ROUGE,Обувь,Обувь,Ботинки
Женские лоферы PAS DE ROUGE,Обувь,Обувь,Ботинки
Женские лоферы PAS DE ROUGE,Обувь,Обувь,Ботинки
Женские лоферы PAS DE ROUGE,Обувь,Обувь,Ботинки
Женские лоферы PAS DE ROUGE,Обувь,Обувь,Ботинки
 Нагрудник Baboo Marine 3 шт.голубой/белый/красный,Детские товары,Детские товары,Нагрудник
Женские лоферы PAS DE ROUGE,Обувь,Обувь,Ботинки
Женские лоферы PAS DE ROUGE,Обувь,Обувь,Ботинки
Бюстгальтер (топ) для девочки 5-10 лет,Одежда,Одежда,Бюстгальтер
Женские лоферы PAS DE ROUGE,Обувь,Обувь,Ботинки
"Светильник-ночник 3D шар Луна Goodly Moon Lamp, на деревянной подставке с пультом, встроенный аккумулятор и сенсорное управление, 15 см",Ремонт и строительство,Ремонт и строительство,Настольный светильник
Женские лоферы PAS DE ROUGE,Обувь,Обувь,Ботинки
Женские лоферы PAS DE ROUGE,Обувь,Обувь,Ботинки
Женские лоферы PAS DE ROUGE,Обувь,Обувь,Ботинки
Женские лоферы PAS DE ROUGE,Обувь,Обувь,Ботинки
Женские лоферы PAS DE ROUGE,Обувь,Обувь,Ботинки
Женские лоферы PAS DE ROUGE,Обувь,Обувь,Ботинки
Женские лоферы PAS DE ROUGE,Обувь,Обувь,Ботинки
Женские лоферы PAS DE ROUGE,Обувь,Обувь,Ботинки
Хлопковые брюки джоггеры,Одежда,Одежда,Брюки спортивные
наушники JBL LIVE PRO + TWS,Электроника,Электроника,Наушники
Женские туфли С открытой пяткой (слинг-бэк) PAS DE ROUGE,Обувь,Обувь,Босоножки
Женские лоферы PAS DE ROUGE,Обувь,Обувь,Ботинки
"Нейлоновый ремешок для Apple Watch 42-45mm. Эластичный спортивный браслет на липучке для умных смарт часов series 1-8 и SE, SE 2022, Ultra. Красный",Электроника,Электроника,Ремешок для смарт-часов
Автомат 1Р 20А C 6кА ВМ63 КЭАЗ OptiDin,Ремонт и строительство,Ремонт и строительство,Автоматический выключатель
 Нагрудник Baboo Marineголубой,Детские товары,Детские товары,Нагрудник
"Чехол на стул со спинкой Eames DSW из велюра, 40х46см, зеленый, ромб 09",Дом и сад,Дом и сад,Чехол на мебель
Быстрая зарядка для айфона с кабелем 20 w/ блок питания для IPhone / сетевое зарядное устройство/ Комплект: Адаптер питания + кабель lightning usb type c,Электроника,Электроника,Зарядное устройство
Женские лоферы PAS DE ROUGE,Обувь,Обувь,Ботинки
Женские лоферы PAS DE ROUGE,Обувь,Обувь,Ботинки
Женские лоферы PAS DE ROUGE,Обувь,Обувь,Ботинки
Простынь детская на резинке в детскую овальную кроватку,Дом и сад,Дом и сад,Простыня
Женские лоферы PAS DE ROUGE,Обувь,Обувь,Ботинки
Женские лоферы PAS DE ROUGE,Обувь,Обувь,Ботинки
Женские лоферы PAS DE ROUGE,Обувь,Обувь,Ботинки
Женские лоферы PAS DE ROUGE,Обувь,Обувь,Ботинки
Женские лоферы PAS DE ROUGE,Обувь,Обувь,Ботинки
Женские лоферы PAS DE ROUGE,Обувь,Обувь,Ботинки
Женские лоферы PAS DE ROUGE,Обувь,Обувь,Ботинки
" Нагрудник Crockidёжики/розовый жемчуг, р.",Детские товары,Детские товары,Нагрудник
Женские лоферы PAS DE ROUGE,Обувь,Обувь,Ботинки
Женские лоферы PAS DE ROUGE,Обувь,Обувь,Ботинки
"Электрический провод  ВВГ/ВВГнг / ВВГ нг -  2х1.5, двухжильный, 70м, сечение 1.5, черный",Ремонт и строительство,Ремонт и строительство,Силовой кабель
Женские лоферы PAS DE ROUGE,Обувь,Обувь,Ботинки
Женские лоферы PAS DE ROUGE,Обувь,Обувь,Ботинки
Женские лоферы PAS DE ROUGE,Обувь,Обувь,Ботинки
Женские лоферы PAS DE ROUGE,Обувь,Обувь,Ботинки
Женские лоферы PAS DE ROUGE,Обувь,Обувь,Ботинки
Женские лоферы PAS DE ROUGE,Обувь,Обувь,Ботинки
"CONSLY Корейский крем для рук с экстрактом Авокадо, Avocado Hand Essence Cream, 100 мл",Красота,Красота,Крем для ухода за кожей
Женские лоферы PAS DE ROUGE,Обувь,Обувь,Ботинки
Женские лоферы PAS DE ROUGE,Обувь,Обувь,Ботинки
Женские лоферы PAS DE ROUGE,Обувь,Обувь,Ботинки
Женские лоферы PAS DE ROUGE,Обувь,Обувь,Ботинки
 Нагрудник Crockidбежево-розовый/зайчонок,Детские товары,Детские товары,Нагрудник
Женские лоферы PAS DE ROUGE,Обувь,Обувь,Ботинки
"Автомат 2Р 32А C 4,5кА ВА47-63 EKF PROxima",Ремонт и строительство,Ремонт и строительство,Автоматический выключатель
Бусины акриловые круглые гладкие прозрачные радужные для рукоделия и плетения сумок 8 мм 500 гр 1800 шт,Хобби и творчество,Хобби и творчество,"Стеклярус, бусины, стразы"
Женские лоферы PAS DE ROUGE,Обувь,Обувь,Ботинки
"Комплект носков укороченные, 5 пар",Одежда,Одежда,Носки
Бафф / Балаклава / снуд / Бандана,Одежда,Одежда,Шарф
Женские лоферы PAS DE ROUGE,Обувь,Обувь,Ботинки
Автомат 1Р 6А C 6кА ВМ63 КЭАЗ OptiDin,Ремонт и строительство,Ремонт и строительство,Автоматический выключатель
 Нагрудник махровый Пома Клубникакрасный,Детские товары,Детские товары,Нагрудник
"Конструктор металл 63 детали / Набор для девочек, мальчиков, детей от 6 7 8 9 лет / Развивающая игрушка, моторику, усидчивость / Подарок сыну, дочке",Детские товары,Детские товары,Металлический конструктор
"Аккумулятор для электрического скутера Xiaomi Mijia M365 36 В 10,5 Ач",Электроника,Электроника,Аккумуляторная батарейка
Женские лоферы PAS DE ROUGE,Обувь,Обувь,Ботинки
"Автомат 2Р 40А C 4,5кА ВА47-29 IEK",Ремонт и строительство,Ремонт и строительство,Автоматический выключатель
Модный женский пуловер с длинным рукавом,Одежда,Одежда,Свитер
" Светильник-раскраска Фотон, Маша и Медведь, DNM-07белый",Ремонт и строительство,Ремонт и строительство,Ночник
"Светильник-ночник 3D шар Луна Goodly Moon Lamp, на деревянной подставке с пультом, встроенный аккумулятор и сенсорное управление, 15 см",Ремонт и строительство,Ремонт и строительство,Настольный светильник
Автомат 3Р 63А C 6кА ВА47-60,Ремонт и строительство,Ремонт и строительство,Автоматический выключатель
Медицинский костюм женский/ Медицинская одежда для женщин/ Костюм массажиста/ Костюм для бьюти мастеров/ Униформа/ Спецодежда медицинская/ Костюм ГЛАМУР (блуза и брюки),Одежда,Одежда,Рабочая одежда
Женские лоферы PAS DE ROUGE,Обувь,Обувь,Ботинки
Женские лоферы PAS DE ROUGE,Обувь,Обувь,Ботинки
"Автомат 2Р 40А C 4,5кА ВА47-63 EKF PROxima",Ремонт и строительство,Ремонт и строительство,Автоматический выключатель
"Автомат 2Р 50А C 4,5кА ВА-101 Schneider Electric",Ремонт и строительство,Ремонт и строительство,Автоматический выключатель
" Нагрудник Crockidбежевый меланж/сафари, р.",Детские товары,Детские товары,Нагрудник
" Нагрудник Лапочкаклубничный крем, р.",Детские товары,Детские товары,Нагрудник
 Нагрудник Roxy-Kids мягкийрозовый,Детские товары,Детские товары,Нагрудник
Ботинки Nike Lunar,Обувь,Обувь,Ботинки
"Конструктор металл Колесо обозрения 405 деталей / Набор для девочек, мальчиков, детей от 6 7 8 9 лет / Развивающая игрушка, моторику, усидчивость, воображение / Подарок сыну, дочке",Детские товары,Детские товары,Металлический конструктор
Женские лоферы PAS DE ROUGE,Обувь,Обувь,Ботинки
"Сетка затеняющая 35 г/м2 (2 х 10 м), маскировочная сетка, сетка садовая, притеняющая сетка для хвойных, фасадная сетка",Дом и сад,Дом и сад,Укрывной материал
Дополнительная батарея EcoFlow DELTA Pro Extra Battery 3600Втч,Электроника,Электроника,Внешний аккумулятор
" Нагрудник Crockidбыстрые машинки/серо-голубой, р.",Детские товары,Детские товары,Нагрудник
"Зеркало Кода 80 Лайт Белый глянец, МДФ, шт.",Дом и сад,Дом и сад,Зеркало для ванной
Зимняя шапка с отверстиями для тепла,Одежда,Одежда,Шляпа
" Нагрудник Лапочказвёздный голубой, р.",Детские товары,Детские товары,Нагрудник
 Нагрудник Baboo Sealifeбелый,Детские товары,Детские товары,Нагрудник
Женские лоферы PAS DE ROUGE,Обувь,Обувь,Ботинки
" Нагрудник AmaroBaby Nature 36*21 см, 2 шт.мята, р.",Детские товары,Детские товары,Нагрудник
" Нагрудник Crockidёжики/пыльно-синий, р.",Детские товары,Детские товары,Нагрудник
" Нагрудник Crockidсветло-желтый/бежевое сафари, р.",Детские товары,Детские товары,Нагрудник
 Нагрудник Crockidвеселые жирафы/зеленый,Детские товары,Детские товары,Нагрудник
"Ручной электрический мотор щетки резака ткани ножниц, портативный автомат для резки ткани,",Хобби и творчество,Хобби и творчество,Ножницы портновские
"Кофейник Bernadotte, 1,2 л",Дом и сад,Дом и сад,"Сервиз чайный, кофейный с чайником"
Картридж для удаления железа / обезжелезивание 10 BB  Акватек Типоразмер Big Blue 10,Дом и сад,Дом и сад,Сменный картридж для фильтра
"Стул седло СЕДДО ПП 260, высокий, белый",Красота,Красота,Стул мастера для салона красоты
 Нагрудник махровый Пома Яблокозеленый,Детские товары,Детские товары,Нагрудник
Женские лоферы PAS DE ROUGE,Обувь,Обувь,Ботинки
Женские лоферы PAS DE ROUGE,Обувь,Обувь,Ботинки
Женские лоферы PAS DE ROUGE,Обувь,Обувь,Ботинки
Женские лоферы PAS DE ROUGE,Обувь,Обувь,Ботинки
Женские лоферы PAS DE ROUGE,Обувь,Обувь,Ботинки
Женские лоферы PAS DE ROUGE,Обувь,Обувь,Ботинки
Женские лоферы PAS DE ROUGE,Обувь,Обувь,Ботинки
Женские лоферы PAS DE ROUGE,Обувь,Обувь,Ботинки
Тележка багажная DT-120 синий до 50 кг,Галантерея и украшения,Галантерея и украшения,Сумка-тележка
Женские лоферы PAS DE ROUGE,Обувь,Обувь,Ботинки
Женские лоферы PAS DE ROUGE,Обувь,Обувь,Ботинки
Женские лоферы PAS DE ROUGE,Обувь,Обувь,Ботинки
"Аккумулятор для инструментов Bosch 6000 мАч 14,4 В",Ремонт и строительство,Ремонт и строительство,Аккумулятор для электроинструмента
Складной держатель для смартфона Попсокет / Круглая подставка / Оранжевый,Электроника,Электроника,Держатель для телефона
Коврик для мыши Defender Thor GP-700,Электроника,Электроника,Коврик для мыши
"Шапка для мальчика МИШКА, Шапка для девочки, Шапка детская, Шапка детская для девочки, Шапка детская для мальчика, Шапка-шарф, Шапка-шлем, Комплект шапка и шарф , Комплект шапка и снуд",Одежда,Одежда,Шапка
Женские лоферы PAS DE ROUGE,Обувь,Обувь,Ботинки
AUX для айфона/ Адаптер apple/ Переходник lightning 3.5 jack/ кабель лайтнинг iPhone/ аукс/ переходник для наушников/ aux кабель в машину,Электроника,Электроника,Кабель
E-201 электрод Yline с разъемом BNC для pH метров,Ремонт и строительство,Ремонт и строительство,Измерительный инструмент
Женские лоферы PAS DE ROUGE,Обувь,Обувь,Ботинки
"Набор льняных сервировочных салфеток ""Зимняя сказка"" 40х40 см 4 шт",Дом и сад,Дом и сад,Салфетка столовая
Умная бритва Philips Series 7000 SkinIQ S7783/59,Бытовая техника,Бытовая техника,Электробритва
Женские лоферы PAS DE ROUGE,Обувь,Обувь,Ботинки
Муфта DKC PAM48M63N DKC PAM48M63N,Ремонт и строительство,Ремонт и строительство,Кабельная муфта
"Набор авторских открыток ""Животные"", 10.5х15 см., 10 шт., на подарок и в коллекцию",Дом и сад,Дом и сад,Открытка авторская
"Усилитель сотовой связи и интернета. Комплект VEGATEL TN-1800 (LED) 2G, 4G и 4g антенна MultiSet",Электроника,Электроника,Радиоантенна
джоггеры мужские,Одежда,Одежда,Брюки
Женские лоферы PAS DE ROUGE,Обувь,Обувь,Ботинки
"Чистюля Мочалка из нержавеющей стали,2 шт,12 упаковок",Дом и сад,Дом и сад,Губка
Стеллаж для обуви Дуб Бунратти/Цемент,Мебель,Мебель,Тумба для обуви
Осенне-зимний модный тренд Kanye music периферийный флисовый свитер с капюшоном с принтом,Одежда,Одежда,Толстовка
"Музыкальная карусель для кроватки,",Детские товары,Детские товары,"Мобиль, развивающая дуга"
Осенне-зимний модный тренд Kanye music периферийный флисовый свитер с капюшоном с принтом,Одежда,Одежда,Толстовка
"Плитка напольная виниловая Noventis  Avalon Дуб Кельтский 1583 (180x1200; 3,5 мм; 0,3 мм;микрофаска) (10 шт./2,16 м2)",Ремонт и строительство,Ремонт и строительство,Ламинат
Светильник декоративный Ананас / 23 см / желтый,Ремонт и строительство,Ремонт и строительство,Настольный светильник
Женские лоферы PAS DE ROUGE,Обувь,Обувь,Ботинки
Механические часы для мужчин во всей стране,Галантерея и украшения,Галантерея и украшения,Наручные часы
"Музыкальная карусель для кроватки,",Детские товары,Детские товары,"Мобиль, развивающая дуга"
Трёхмерная ниндзя-черепаха Рафаэль светод,Ремонт и строительство,Ремонт и строительство,Настольный декоративный светильник
Женские лоферы PAS DE ROUGE,Обувь,Обувь,Ботинки
Женские лоферы PAS DE ROUGE,Обувь,Обувь,Ботинки
Женские лоферы PAS DE ROUGE,Обувь,Обувь,Ботинки
"Крафт пакеты упаковочные бумажные 10 шт с ручками фасовочные для пищевых продуктов покупок, в наборе, 32 х 20 х 37 см",Дом и сад,Дом и сад,Подарочный пакет
"Фонарь SUPER LIHT Аккумуляторный, светодиодный",Спорт и отдых,Спорт и отдых,Ручной фонарь
"Коврик туристический / Сидушка с фольгой, пенка / Сиденье для похода",Спорт и отдых,Спорт и отдых,Коврик туристический
"Платье с глубоким V-образным разрезом из сетки с перьями,44,черный,Черный,M",Одежда,Одежда,Платье
Комплект кронштейнов П-образных из оцинкованной стали 500мм.,Ремонт и строительство,Ремонт и строительство,Перфорированный крепеж
Грунт-концентрат глубокого проникновения ROCKS 5л,Ремонт и строительство,Ремонт и строительство,Грунтовка
Женские лоферы PAS DE ROUGE,Обувь,Обувь,Ботинки
Женские лоферы PAS DE ROUGE,Обувь,Обувь,Ботинки
Женские лоферы PAS DE ROUGE,Обувь,Обувь,Ботинки
Женские лоферы PAS DE ROUGE,Обувь,Обувь,Ботинки
Медицинский костюм женский/ Медицинская одежда для женщин/ Костюм массажиста/ Костюм для бьюти мастеров/ Униформа/ Спецодежда медицинская/ Костюм ГЛАМУР (блуза и брюки),Одежда,Одежда,Рабочая одежда
Женские лоферы PAS DE ROUGE,Обувь,Обувь,Ботинки
Быстрая зарядка для айфона с кабелем 20 w/ блок питания для IPhone / сетевое зарядное устройство/ Комплект: Адаптер питания + кабель lightning usb type c,Электроника,Электроника,Зарядное устройство
Женские лоферы PAS DE ROUGE,Обувь,Обувь,Ботинки
Кабель 2 В 1 MicroUSB/LIGHTNING B4 1M  DREAM синий,Электроника,Электроника,Кабель
Женские лоферы PAS DE ROUGE,Обувь,Обувь,Ботинки
MIZON Эффективное ночное средство для борьбы с акне и воспалениями кожи Good bye Blemish Pink Spot 19мл,Красота,Красота,Сыворотка для лица
"Сумка женская, шоппер, кросс-боди, сумка мешок, сумка-тоут, стеганая, спортивная, сумка через плечо, вместительная, белая, повседневная, модная, стильная, хобо, для фитнеса, YA TREND ya.trend ятренд",Галантерея и украшения,Галантерея и украшения,Шоппер
"Труба автомобильная гофрированная Rexant, d6.8 мм, разрезная (бухта 5 м) (15-0705)",Ремонт и строительство,Ремонт и строительство,Труба гофрированная
"Комплект  для детей- Кофточки 2шт. 21-15005 Кокос, Интерлок, 62, Белый /Бежевый",Одежда,Одежда,Кофта
"Комплект караоке для дома SkyDisco Karaoke Home Set + MD-3000 + R1100: приставка с баллами, микрофоны, акустика, диск 2000 песен",Электроника,Электроника,Караоке-система
Нож с винтовым фиксатором Stayer KS-18 сегментированные лезвия 18 мм 09161_z01,Ремонт и строительство,Ремонт и строительство,Резец
Женские лоферы PAS DE ROUGE,Обувь,Обувь,Ботинки
"Набор льняных сервировочных салфеток ""Зимняя сказка"" 40х40 см 6 шт",Дом и сад,Дом и сад,Салфетка столовая
Женские лоферы PAS DE ROUGE,Обувь,Обувь,Ботинки
Женские лоферы PAS DE ROUGE,Обувь,Обувь,Ботинки
"Пакет-коробка Мандарины, 28 х 20 х13 см.",Дом и сад,Дом и сад,Подарочный пакет
Модный женский пуловер с длинным рукавом,Одежда,Одежда,Свитер
Bang & Olufsen Портативная водонепроницаемая Bluetooth-колонка премиального класса Beosound A1 2nd Gen Black Anthracite,Электроника,Электроника,Чехол для плеера
Женские лоферы PAS DE ROUGE,Обувь,Обувь,Ботинки
Женские лоферы PAS DE ROUGE,Обувь,Обувь,Ботинки
"Чехол-портмоне Y-scoo для самоката 145, расцветка Этно рисунок",Спорт и отдых,Спорт и отдых,Сумка для роликовых коньков
Труба гофра 16мм ПНД легкая оранжевый с протяжкой PlexUp 100м,Ремонт и строительство,Ремонт и строительство,Труба гофрированная
Труба гофра 90мм ПНД тяжелая красный с протяжкой DKC 50м двустенная,Ремонт и строительство,Ремонт и строительство,Труба гофрированная
"Кондиционер стабилизатор цвета для волос ADRICOCO EXPERT LINE, 5000 мл",Красота,Красота,Кондиционер для волос
Женские лоферы PAS DE ROUGE,Обувь,Обувь,Ботинки
Женские лоферы PAS DE ROUGE,Обувь,Обувь,Ботинки
Женские лоферы PAS DE ROUGE,Обувь,Обувь,Ботинки
я люблю By Индия,Галантерея и украшения,Галантерея и украшения,Брелок
Женские лоферы PAS DE ROUGE,Обувь,Обувь,Ботинки
"Сумка для парикмахерских инструментов DEWAL PRO, полимерный материал, черно-белая, 43х44 см C6-18 white/black",Красота,Красота,Футляр для парикмахерских инструментов
Труба гофра 90мм ПНД тяжелая красный IEK 50м 2-стенная,Ремонт и строительство,Ремонт и строительство,Труба гофрированная
"Чехол на подушку Этель ""Bloom"" 40х40 см, велюр, 100% п/э",Дом и сад,Дом и сад,Наволочка декоративная
Труба гофра 63мм ПНД тяжелая красный PlexUp 20м двустенная,Ремонт и строительство,Ремонт и строительство,Труба гофрированная
Труба гофра 25мм ПНД легкая красный с протяжкой TDM 75м,Ремонт и строительство,Ремонт и строительство,Труба гофрированная
Женские лоферы PAS DE ROUGE,Обувь,Обувь,Ботинки
Труба гофра 16мм ПНД легкая черный с протяжкой PlexUp 25м HF безгалоген,Ремонт и строительство,Ремонт и строительство,Труба гофрированная
Светодиодная люстра 110-240 В MUFENGNосвещение,Ремонт и строительство,Ремонт и строительство,Подвесной светильник
Женские лоферы PAS DE ROUGE,Обувь,Обувь,Ботинки
"Чехол на подушку Этель ""Марокко"" 40 х 40 см, 50% п/э, 50% кожзам",Дом и сад,Дом и сад,Наволочка декоративная
Модный женский пуловер с длинным рукавом,Одежда,Одежда,Свитер
Кабель Lightning для зарядки iPhone LED-индикация GCR PREMIUM RMFI 1 метр провод для айфона бело-розовый,Электроника,Электроника,Кабель
Женские лоферы PAS DE ROUGE,Обувь,Обувь,Ботинки
Женские лоферы PAS DE ROUGE,Обувь,Обувь,Ботинки
Женские лоферы PAS DE ROUGE,Обувь,Обувь,Ботинки
я люблю Триагрутрика,Галантерея и украшения,Галантерея и украшения,Брелок
я люблю Сарги,Галантерея и украшения,Галантерея и украшения,Брелок
я люблю Триада,Галантерея и украшения,Галантерея и украшения,Брелок
я люблю Джиган,Галантерея и украшения,Галантерея и украшения,Брелок
XCKU9P-2FFVE900I  BGA  XILINX    Вставной чип программируемый,Электроника,Электроника,Электронные компоненты
XCKU15P-2FFVE1517I  BGA  XILINX    Вставной чип программируемый,Электроника,Электроника,Электронные компоненты
я люблю Яд Добра,Галантерея и украшения,Галантерея и украшения,Брелок
я люблю Мальчишник,Галантерея и украшения,Галантерея и украшения,Брелок
я люблю Адлер Коцба,Галантерея и украшения,Галантерея и украшения,Брелок
я люблю Илья Соболев,Галантерея и украшения,Галантерея и украшения,Брелок
я люблю ХЛЕБ,Галантерея и украшения,Галантерея и украшения,Брелок
я люблю Нискуба,Галантерея и украшения,Галантерея и украшения,Брелок
я люблю Гансэлло,Галантерея и украшения,Галантерея и украшения,Брелок
я люблю Каспийский Груз,Галантерея и украшения,Галантерея и украшения,Брелок
я люблю Жаман,Галантерея и украшения,Галантерея и украшения,Брелок
я люблю Тайпан,Галантерея и украшения,Галантерея и украшения,Брелок
я люблю Грибы,Галантерея и украшения,Галантерея и украшения,Брелок
я люблю КАПА,Галантерея и украшения,Галантерея и украшения,Брелок
я люблю ЕГОР НАТС,Галантерея и украшения,Галантерея и украшения,Брелок
я люблю Адвайта,Галантерея и украшения,Галантерея и украшения,Брелок
я люблю Плага,Галантерея и украшения,Галантерея и украшения,Брелок
я люблю Лигалайз,Галантерея и украшения,Галантерея и украшения,Брелок
я люблю Грязь,Галантерея и украшения,Галантерея и украшения,Брелок
Женские лоферы PAS DE ROUGE,Обувь,Обувь,Ботинки
Женские лоферы PAS DE ROUGE,Обувь,Обувь,Ботинки
Женские лоферы PAS DE ROUGE,Обувь,Обувь,Ботинки
"Чехол на стул со спинкой Eames DSW из велюра, 40х46см, мята, ромб 09",Дом и сад,Дом и сад,Чехол на мебель
я люблю КАТАННЫЙ,Галантерея и украшения,Галантерея и украшения,Брелок
Медицинский костюм женский/ Медицинская одежда для женщин/ Костюм массажиста/ Костюм для бьюти мастеров/ Униформа/ Спецодежда медицинская/ Костюм ГЛАМУР (блуза и брюки),Одежда,Одежда,Рабочая одежда
я люблю Честер Небро,Галантерея и украшения,Галантерея и украшения,Брелок
"Детский ночник-проектор ""Звёздное небо""",Ремонт и строительство,Ремонт и строительство,Ночник
XCKU13P-2FFVE900I  BGA  XILINX    Вставной чип программируемый,Электроника,Электроника,Электронные компоненты
я люблю TRUEтень,Галантерея и украшения,Галантерея и украшения,Брелок
я люблю Влади,Галантерея и украшения,Галантерея и украшения,Брелок
я люблю Дед Архимед,Галантерея и украшения,Галантерея и украшения,Брелок
я люблю Смоки Мо,Галантерея и украшения,Галантерея и украшения,Брелок
я люблю Та сторона,Галантерея и украшения,Галантерея и украшения,Брелок
Женские лоферы PAS DE ROUGE,Обувь,Обувь,Ботинки
"Российский ковер комнатный на пол Carpet AKMA 1,20 x 1,80 м.",Дом и сад,Дом и сад,Ковер
Ортопедический матрас 140х190 для кровати Basis Cocos1 Ortofoam2 серый,Мебель,Мебель,Матрас
я люблю Словетский,Галантерея и украшения,Галантерея и украшения,Брелок
я люблю Джаро & Ханза,Галантерея и украшения,Галантерея и украшения,Брелок
"Декоративный ящик для растений, узорчатая керамическая ваза, вазон ручной работы 20х20х18 см.",Дом и сад,Дом и сад,"Горшок, корзина, ящик для садовых цветов"
я люблю Воскресенский,Галантерея и украшения,Галантерея и украшения,Брелок
я люблю Компот,Галантерея и украшения,Галантерея и украшения,Брелок
Вязаный топ с кисточками,Одежда,Одежда,Топ
я люблю Гербер,Галантерея и украшения,Галантерея и украшения,Брелок
я люблю Коста Лакоста,Галантерея и украшения,Галантерея и украшения,Брелок
я люблю Тати,Галантерея и украшения,Галантерея и украшения,Брелок
я люблю ГУДЗОН,Галантерея и украшения,Галантерея и украшения,Брелок
я люблю масло черного тмина,Галантерея и украшения,Галантерея и украшения,Брелок
я люблю Платина,Галантерея и украшения,Галантерея и украшения,Брелок
Женские лоферы PAS DE ROUGE,Обувь,Обувь,Ботинки
XCVU5P-2FLVB2104E    BGA  XILINX    Вставной чип программируемый,Электроника,Электроника,Электронные компоненты
Женские лоферы PAS DE ROUGE,Обувь,Обувь,Ботинки
Труба гофра 25мм ПНД легкая черный с протяжкой PlexUp 10м HF безгалоген,Ремонт и строительство,Ремонт и строительство,Труба гофрированная
я люблю Драгни,Галантерея и украшения,Галантерея и украшения,Брелок
Женские лоферы PAS DE ROUGE,Обувь,Обувь,Ботинки
я люблю Восточный округ,Галантерея и украшения,Галантерея и украшения,Брелок
я люблю Интонация,Галантерея и украшения,Галантерея и украшения,Брелок
джоггеры мужские,Одежда,Одежда,Брюки
я люблю Скриптонит,Галантерея и украшения,Галантерея и украшения,Брелок
я люблю найтивыход,Галантерея и украшения,Галантерея и украшения,Брелок
я люблю Мафик,Галантерея и украшения,Галантерея и украшения,Брелок
я люблю ГРОТ,Галантерея и украшения,Галантерея и украшения,Брелок
я люблю Канги,Галантерея и украшения,Галантерея и украшения,Брелок
я люблю Истов,Галантерея и украшения,Галантерея и украшения,Брелок
я люблю Рапсат,Галантерея и украшения,Галантерея и украшения,Брелок
Женские лоферы PAS DE ROUGE,Обувь,Обувь,Ботинки
я люблю Зомб,Галантерея и украшения,Галантерея и украшения,Брелок
Женские лоферы PAS DE ROUGE,Обувь,Обувь,Ботинки
E-201 электрод Yline с разъемом BNC для pH метров,Ремонт и строительство,Ремонт и строительство,Измерительный инструмент
я люблю Аманит,Галантерея и украшения,Галантерея и украшения,Брелок
я люблю Ганвест,Галантерея и украшения,Галантерея и украшения,Брелок
я люблю АДЛИН,Галантерея и украшения,Галантерея и украшения,Брелок
я люблю Глеб Калюжный,Галантерея и украшения,Галантерея и украшения,Брелок
я люблю вышел покурить,Галантерея и украшения,Галантерея и украшения,Брелок
я люблю Пабло,Галантерея и украшения,Галантерея и украшения,Брелок
"Комбинезон  для детей 21-15009 Кокос, Интерлок, 86, Белый /Бежевый",Одежда,Одежда,Комбинезон
я люблю Руставели,Галантерея и украшения,Галантерея и украшения,Брелок
я люблю БАЗАР,Галантерея и украшения,Галантерея и украшения,Брелок
я люблю Леван Горозия,Галантерея и украшения,Галантерея и украшения,Брелок
Труба гофра 75мм ПНД тяжелая красный с протяжкой DKC 50м двустенная,Ремонт и строительство,Ремонт и строительство,Труба гофрированная
Труба гофра 20мм ПНД легкая красный с протяжкой TDM 100м,Ремонт и строительство,Ремонт и строительство,Труба гофрированная
я люблю Вектор А,Галантерея и украшения,Галантерея и украшения,Брелок
я люблю СКАЧКОВ,Галантерея и украшения,Галантерея и украшения,Брелок
Прибор для получения живой и мертвой воды Мелеста,Дом и сад,Дом и сад,Система очистки воды
Грунт-концентрат глубокого проникновения ROCKS 10л,Ремонт и строительство,Ремонт и строительство,Грунтовка
MERACH унисекс 9 градусов умный пистолет для массажа фасции массажный пистолет,Красота,Красота,Массажный прибор
я люблю Гарри Топор,Галантерея и украшения,Галантерея и украшения,Брелок
я люблю Январский блюз,Галантерея и украшения,Галантерея и украшения,Брелок
я люблю Зараза,Галантерея и украшения,Галантерея и украшения,Брелок
Женские лоферы PAS DE ROUGE,Обувь,Обувь,Ботинки
я люблю Научно-технический рэп,Галантерея и украшения,Галантерея и украшения,Брелок
я люблю Белый,Галантерея и украшения,Галантерея и украшения,Брелок
Женские лоферы PAS DE ROUGE,Обувь,Обувь,Ботинки
я люблю Ассаи,Галантерея и украшения,Галантерея и украшения,Брелок
я люблю МАВАШИ group,Галантерея и украшения,Галантерея и украшения,Брелок
Станок для растяжки стопы с подогревом на одну пару (компл 4 насадки),Ремонт и строительство,Ремонт и строительство,Универсальный станок
Интерьерная рейка Милана Дуб Сонома 20*30*2700 (с монтажной планкой),Ремонт и строительство,Ремонт и строительство,Стеновая панель
я люблю Кишлак,Галантерея и украшения,Галантерея и украшения,Брелок
Женские лоферы PAS DE ROUGE,Обувь,Обувь,Ботинки
Женские лоферы PAS DE ROUGE,Обувь,Обувь,Ботинки
Женские лоферы PAS DE ROUGE,Обувь,Обувь,Ботинки
я люблю Тимати,Галантерея и украшения,Галантерея и украшения,Брелок
я люблю Тони Раут,Галантерея и украшения,Галантерея и украшения,Брелок
я люблю Типси Тип,Галантерея и украшения,Галантерея и украшения,Брелок
я люблю Кот Балу,Галантерея и украшения,Галантерея и украшения,Брелок
я люблю Джоззи,Галантерея и украшения,Галантерея и украшения,Брелок
XCVU065-2FFVC1517I  BGA  XILINX    Вставной чип программируемый,Электроника,Электроника,Электронные компоненты
я люблю ДжиАш и Вито,Галантерея и украшения,Галантерея и украшения,Брелок
я люблю Витя АК,Галантерея и украшения,Галантерея и украшения,Брелок
Женские лоферы PAS DE ROUGE,Обувь,Обувь,Ботинки
я люблю КлоуКома,Галантерея и украшения,Галантерея и украшения,Брелок
XCVU9P-2FLGA2104E    BGA  XILINX    Вставной чип программируемый,Электроника,Электроника,Электронные компоненты
Вертикальный пылесос Deerma DX115C,Бытовая техника,Бытовая техника,Бытовой пылесос
я люблю Красное Дерево,Галантерея и украшения,Галантерея и украшения,Брелок
"Пряжа YarnArt Camellia - 10 шт, цвет 429 тм.беж-серебро, 20г, 190м (ЯрнАрт Камелия) Нитки для вязания, 70% полиэстер 30% металлик",Хобби и творчество,Хобби и творчество,Пряжа
я люблю Денис RiDer,Галантерея и украшения,Галантерея и украшения,Брелок
я люблю ВесЪ,Галантерея и украшения,Галантерея и украшения,Брелок
я люблю Фейджи,Галантерея и украшения,Галантерея и украшения,Брелок
Рашгард мужской спортивный KELME,Одежда,Одежда,Термобелье кофта
Свет английского алфавита,Ремонт и строительство,Ремонт и строительство,Ночник
Женские лоферы PAS DE ROUGE,Обувь,Обувь,Ботинки
Рашгард мужской спортивный KELME,Одежда,Одежда,Термобелье кофта
я люблю твоичувства,Галантерея и украшения,Галантерея и украшения,Брелок
я люблю Фикс,Галантерея и украшения,Галантерея и украшения,Брелок
я люблю Фенди,Галантерея и украшения,Галантерея и украшения,Брелок
я люблю Динар Рахматуллин,Галантерея и украшения,Галантерея и украшения,Брелок
Маска сварочная Хамелеон Aurora SUN-7 TIG MASTER + подарок,Ремонт и строительство,Ремонт и строительство,Маска сварщика
XCVU095-2FFVC2104I  BGA  XILINX    Вставной чип программируемый,Электроника,Электроника,Электронные компоненты
Женские лоферы PAS DE ROUGE,Обувь,Обувь,Туфли
я люблю КУОК,Галантерея и украшения,Галантерея и украшения,Брелок
Женские лоферы PAS DE ROUGE,Обувь,Обувь,Ботинки
Рашгард мужской спортивный KELME,Одежда,Одежда,Термобелье кофта
Рашгард мужской спортивный KELME,Одежда,Одежда,Термобелье кофта
XCVU5P-L2FLVB2104E    BGA  XILINX    Вставной чип программируемый,Электроника,Электроника,Электронные компоненты
Женские лоферы PAS DE ROUGE,Обувь,Обувь,Ботинки
я люблю 3-ий Январь,Галантерея и украшения,Галантерея и украшения,Брелок
я люблю РЭЙДИ,Галантерея и украшения,Галантерея и украшения,Брелок
XCVU125-2FLVB1760I  BGA  XILINX    Вставной чип программируемый,Электроника,Электроника,Электронные компоненты
Женские лоферы PAS DE ROUGE,Обувь,Обувь,Ботинки
"Подарочная карта пополнения iTunes Card, карта AppStore Gift Card номинал 50 USD",Электроника,Электроника,Карта оплаты
Женские лоферы PAS DE ROUGE,Обувь,Обувь,Ботинки
Рашгард мужской спортивный KELME,Одежда,Одежда,Термобелье кофта
я люблю Джизус,Галантерея и украшения,Галантерея и украшения,Брелок
Щепа для настаивания Cherry NECTAR 100 g,Дом и сад,Дом и сад,Щепа
Ключ торцовый кустореза Husqvarna 343/345/355/545/555 5021146-03,Ремонт и строительство,Ремонт и строительство,Прочая оснастка
я люблю ЕвгенБро,Галантерея и украшения,Галантерея и украшения,Брелок
"УШМ аккумуляторная Спец БШУ125-18ЛИ, 125 мм, 18 В Li-ion 2х2 Ач",Ремонт и строительство,Ремонт и строительство,Машина шлифовальная
я люблю Мэйти,Галантерея и украшения,Галантерея и украшения,Брелок
Женские лоферы PAS DE ROUGE,Обувь,Обувь,Ботинки
я люблю Честный,Галантерея и украшения,Галантерея и украшения,Брелок
"Сумка из бусин ручной работы, клатч",Галантерея и украшения,Галантерея и украшения,Сумка на плечо
я люблю Шалих,Галантерея и украшения,Галантерея и украшения,Брелок
Женские лоферы PAS DE ROUGE,Обувь,Обувь,Ботинки
Женские лоферы PAS DE ROUGE,Обувь,Обувь,Ботинки
Женские лоферы PAS DE ROUGE,Обувь,Обувь,Ботинки
я люблю Хаски,Галантерея и украшения,Галантерея и украшения,Брелок
Сумка непромокаемая/45х35х50/20 кг/Гермосумка ящик для рыбалки зимой/Короб мягкий/Гермобаул,Спорт и отдых,Спорт и отдых,Сумка рыболовная
Женские лоферы PAS DE ROUGE,Обувь,Обувь,Ботинки
Свет английского алфавита,Ремонт и строительство,Ремонт и строительство,Ночник
я люблю Антиреспект,Галантерея и украшения,Галантерея и украшения,Брелок
"Ручка-защелка Сириус 891-00 AC нажимная, межкомнатная, ключ/фиксатор, античная медь",Ремонт и строительство,Ремонт и строительство,Замок
Защитный кухонный экран Kitchen Sheet 90x60 см,Дом и сад,Дом и сад,Фартук кухонный
я люблю Маракеш,Галантерея и украшения,Галантерея и украшения,Брелок
Женские лоферы PAS DE ROUGE,Обувь,Обувь,Туфли
Женские лоферы PAS DE ROUGE,Обувь,Обувь,Ботинки
я люблю Многоточие,Галантерея и украшения,Галантерея и украшения,Брелок
"Микроскоп 3 в 1 (60X,120X)",Хобби и творчество,Хобби и творчество,"Микроскоп, телескоп детский"
Наплечные сумки,Галантерея и украшения,Галантерея и украшения,Сумка на плечо
Женские лоферы PAS DE ROUGE,Обувь,Обувь,Туфли
я люблю Оклок,Галантерея и украшения,Галантерея и украшения,Брелок
"Комбинезон  для детей 21-15008 Кокос, Интерлок, 68, Белый /Бежевый",Одежда,Одежда,Комбинезон
Рашгард мужской спортивный KELME,Одежда,Одежда,Термобелье кофта
Рашгард мужской спортивный KELME,Одежда,Одежда,Термобелье кофта
XCVU3P-2FFVC1517I    BGA  XILINX    Вставной чип программируемый,Электроника,Электроника,Электронные компоненты
Женские лоферы PAS DE ROUGE,Обувь,Обувь,Туфли
Женские лоферы PAS DE ROUGE,Обувь,Обувь,Ботинки
Грунт-концентрат глубокого проникновения ROCKS,Ремонт и строительство,Ремонт и строительство,Грунтовка
Женские лоферы PAS DE ROUGE,Обувь,Обувь,Ботинки
Рашгард мужской спортивный KELME,Одежда,Одежда,Термобелье кофта
Женские лоферы PAS DE ROUGE,Обувь,Обувь,Ботинки
Женские лоферы PAS DE ROUGE,Обувь,Обувь,Ботинки
Женские лоферы PAS DE ROUGE,Обувь,Обувь,Туфли
Женские лоферы PAS DE ROUGE,Обувь,Обувь,Туфли
Женские лоферы PAS DE ROUGE,Обувь,Обувь,Туфли
Курок распылительный Пистолет высокого давления,Ремонт и строительство,Ремонт и строительство,Минимойка
Женские лоферы PAS DE ROUGE,Обувь,Обувь,Ботинки
Рашгард мужской спортивный KELME,Одежда,Одежда,Термобелье кофта
Женские лоферы PAS DE ROUGE,Обувь,Обувь,Туфли
Женские лоферы PAS DE ROUGE,Обувь,Обувь,Ботинки
Женские лоферы PAS DE ROUGE,Обувь,Обувь,Ботинки
я люблю Литвиненко,Галантерея и украшения,Галантерея и украшения,Брелок
"Зеркало Гармоника 90 Лайт, шт.",Дом и сад,Дом и сад,Зеркало для ванной
"Аккумуляторная батарея (ST-01, ST-02) для акустики Sony SRS-X3  SRS-XB2 SRS-XB20 7.4V 2600mAh 19.24Wh  CameronSino CS-SRX310SL",Электроника,Электроника,Аккумуляторная батарейка
Рашгард мужской спортивный KELME,Одежда,Одежда,Термобелье кофта
Женские лоферы PAS DE ROUGE,Обувь,Обувь,Ботинки
Женские лоферы PAS DE ROUGE,Обувь,Обувь,Ботинки
Женские лоферы PAS DE ROUGE,Обувь,Обувь,Туфли
Женские лоферы PAS DE ROUGE,Обувь,Обувь,Ботинки
Женские лоферы PAS DE ROUGE,Обувь,Обувь,Туфли
Женские лоферы PAS DE ROUGE,Обувь,Обувь,Ботинки
Arya 23 Yellow  Современные моющиеся и двусторонние килимы из переработанного хлопка,Дом и сад,Дом и сад,Ковер
XCVU5P-2FLVB2104I    BGA  XILINX    Вставной чип программируемый,Электроника,Электроника,Электронные компоненты
Женские лоферы PAS DE ROUGE,Обувь,Обувь,Туфли
Женские лоферы PAS DE ROUGE,Обувь,Обувь,Ботинки
Женские лоферы PAS DE ROUGE,Обувь,Обувь,Ботинки
я люблю Брутто,Галантерея и украшения,Галантерея и украшения,Брелок
Кабель КСПВ 6х0.4 кв. мм REXANT белый 200 м,Ремонт и строительство,Ремонт и строительство,Силовой кабель
Женские лоферы PAS DE ROUGE,Обувь,Обувь,Ботинки
Модная идея мужских часов,Галантерея и украшения,Галантерея и украшения,Наручные часы
Женские лоферы PAS DE ROUGE,Обувь,Обувь,Туфли
Женские лоферы PAS DE ROUGE,Обувь,Обувь,Ботинки
"Российский ковер комнатный на пол Carpet AKMA  0,80 х 1,50 м.",Дом и сад,Дом и сад,Ковер
Бюстгальтер (топ) для девочки 5-10 лет,Одежда,Одежда,Бюстгальтер
Дровокол электрический HLS-5500 HUTER,Дом и сад,Дом и сад,"Дровокол (бензиновый, электрический)"
